pmid,title,year,journal,doi,content_sha256,drive_file_id,drive_filename_citation,metadata_patched
local_76fc33d0,Very early detection of Autism Spectrum Disorders based on acoustic analysis of pre-verbal vocalizations of 18-month old toddlers,2013,,10.1109/icassp.2013.6639134,b7836323cad8de3cbf264c70bbe1778ddce9b210bb6bc54c6e4aec91abac6a18,13oYScKtFHhrBmi0WhNwATHAqSLTcuWJE,"Santos, J. F., Brosh, N., Falk, T. H., Zwaigenbaum, L., Bryson, S. E., Roberts, W., Smith, I. M., Szatmari, P., & Brian, J. A. (2013). Very early detection of Autism Spectrum Disorders based on acoustic analysis of pre-verbal vocalizations of 18-month old toddlers. In 2013 IEEE International Conference on Acoustics, Speech and Signal Processing (pp. 7567-7571). IEEE. https://doi.org/10.1109/icassp.2013.6639134",doi_filled
local_0dbc5018,Use of Machine Learning to Identify Children with Autism and Their Motor Abnormalities,2015,Journal of Autism and Develo,10.1007/s10803-015-2379-8,bf239cf239f6c5b3959bbb65f58f5a0561f0540bfa13d1d1603d4b0c9ff69398,10cSjZnl7veUzFV7wKpXeOvNMfCeVDzfK,"Crippa, A., Salvatore, C., Perego, P., Forti, S., Nobile, M., Molteni, M., & Castiglioni, I. (2015). Use of Machine Learning to Identify Children with Autism and Their Motor Abnormalities. Journal of Autism and Developmental Disorders, 45(7), 2146-2156. https://doi.org/10.1007/s10803-015-2379-8",doi_filled
local_dc5fc4bb,ADHD and ASD Classification Based on Emotion Recognition Data,2016,I,10.1109/icmla.2016.0145,b6afa3f708c567566cf4fc82b9d8d058b76ae6c66eeec959de2e71a950aeaa93,1bkB7-ZJPF1cndu-2RBXCZly8Pd0N0D70,"Uluyagmur-Ozturk, M., Arman, A. R., Yilmaz, S. S., Findik, O. T. P., Genc, H. A., Carkaxhiu-Bulut, G., Yazgan, M. Y., Teker, U., & Cataltepe, Z. (2016). ADHD and ASD Classification Based on Emotion Recognition Data. In 2016 15th IEEE International Conference on Machine Learning and Applications (ICMLA) (pp. 810-813). IEEE. https://doi.org/10.1109/icmla.2016.0145",doi_filled
local_863980f8,Identifying children with autism spectrum disorder based on their face processing abnormality: A machine learning framework,2016,"Autism Research, 9(8), 888-898",10.1002/aur.1615,64667abc44226c8808d7a03b65fbfc2816fcaf04ee798353fabaa6459edc81cc,1XzgMplrzx8hCHrxed2D5hoMf7EDVT2Bl,"Liu, W., Li, M., & Yi, L. (2016). Identifying children with autism spectrum disorder based on their face processing abnormality: A machine learning framework. Autism Research, 9(8), 888-898. https://doi.org/10.1002/aur.1615",doi_filled
local_be8aa62f,Semantic mapping reveals distinct patterns in descriptions of social relations in adults with autism spectrum disorder,2016,"Autism Research, 9(8), 846-8",10.1002/aur.1581,1844967e9a2e60d61fa38b68c70ad74bb17c20eac899a99a9210c9a4efe422e3,1rB5mfiCbILlJsocPo_r18DCtBfNH3YjC,"Luo, S. X., Shinall, J. A., Peterson, B. S., & Gerber, A. J. (2016). Semantic mapping reveals distinct patterns in descriptions of social relations in adults with autism spectrum disorder. Autism Research, 9(8), 846-853. https://doi.org/10.1002/aur.1581",doi_filled
local_e404a2a3,Toward the Autism Motor Signature: Gesture patterns during smart tablet gameplay identify children with autism,2016,"Scientific Reports, 6(1), Article 31107. http",10.1038/srep31107,6e0a921b3bdbce0605a53a99c26e988487a67ca02847eddbc1a70bb1c2cbad69,1xgWRxYghW95TED9wDqpnxP82LJjz4Wm8,"Anzulewicz, A., Sobota, K., & Delafield-Butt, J. T. (2016). Toward the Autism Motor Signature: Gesture patterns during smart tablet gameplay identify children with autism. Scientific Reports, 6(1), Article 31107. https://doi.org/10.1038/srep31107",
local_780141fc,Applying machine learning to identify autistic adults using imitation: An exploratory study,2017,"PLOS ONE, 12(8), Article e0182652",10.1371/journal.pone.0182652,c42a47c5e241c2036e86aa354dcfe599615819182636b6262d77a4d74e7488a5,14skBcYxavKw5ET1lXkEeblCFL2I8n6Jg,"Li, B., Sharma, A., Meng, J., Purushwalkam, S., & Gowen, E. (2017). Applying machine learning to identify autistic adults using imitation: An exploratory study. PLOS ONE, 12(8), Article e0182652. https://doi.org/10.1371/journal.pone.0182652",doi_filled
local_3a331973,Automatic Detection of ADHD and ASD from Expressive Behaviour in RGBD Data,2017,2017 12th IEEE International Conference on Automatic Face & Gesture Recognit,10.1109/fg.2017.95,81278ed75822c3a417eb9f8a11662accac96437c9586cd7b2a467662e0c96a7d,1cCGT0R8zRR6Fw9rpAl56oSic2AWCxvCz,"Jaiswal, S., Valstar, M. F., Gillott, A., & Daley, D. (2017). Automatic Detection of ADHD and ASD from Expressive Behaviour in RGBD Data. In 2017 12th IEEE International Conference on Automatic Face & Gesture Recognition (FG 2017) (pp. 762-769). IEEE. https://doi.org/10.1109/fg.2017.95",doi_filled
local_7b3e6b3a,Earlier identification of children with autism,2017,,10.21437/interspeech.2017-1007,63b45f6cb44a1749b697540eb6d80eedc4e4ea5221a84a09d3e39df6324d439b,1GyLamX3IJdx5Pfnt-vIx2ulwbXhiVmJi,"Pokorny, F. B., Schuller, B., Marschik, P. B., Brueckner, R., Nyström, P., Cummins, N., Bölte, S., Einspieler, C., & Falck-Ytter, T. (2017). Earlier identification of children with autism spectrum disorder: An automatic vocalisation-based approach. In Interspeech 2017 (pp. 309-313). ISCA. https://doi.org/10.21437/interspeech.2017-1007",
local_36aa3ace,Speech-based Diagnosis of Autism Spectrum Condition by Generative,2017,Proceedings of the 2017 Inte,10.1145/3079452.3079492,ce9412b138ce353e7c83db48d649a06a32f5864920559dfe81066c5bfec72e6e,1YaVtT18_0cb5h5gdOn__ggI1Q-nSL0qa,"Deng, J., Cummins, N., Schmitt, M., Qian, K., Ringeval, F., & Schuller, B. (2017). Speech-based diagnosis of autism spectrum condition by generative adversarial network representations. In Proceedings of the 2017 International Conference on Digital Health (pp. 53-57). ACM. https://doi.org/10.1145/3079452.3079492",
local_44b58f21,ANN and SVM Classifiers in Identifying Autism Spectrum Disorder Gait Based on Three-Dimensional Ground Reaction Forces,2018,TENCON 2018 - 2018 IEEE Region 10 Confere,10.1109/tencon.2018.8650468,a21465a82d97e41db62bc3841c1aa8c7737a4c6a6f9b8758e8964d1e4fe3947d,1gunV1wYhxZKwWpjanlUgf_3cH9EK6EmI,"Hasan, C. Z. C., Jailani, R., & Tahir, N. M. (2018). ANN and SVM Classifiers in Identifying Autism Spectrum Disorder Gait Based on Three-Dimensional Ground Reaction Forces. In TENCON 2018 - 2018 IEEE Region 10 Conference (pp. 2436-2440). IEEE. https://doi.org/10.1109/tencon.2018.8650468",doi_filled
local_cb9a5b48,Analyzing Human-Robot Interaction Using Machine Vision for Autism screening,2018,2018 6th RSI International Conference on Robotics and Mechatronics (IcRoM),10.1109/icrom.2018.8657569,668000f15884e460ea7820cdb2b881ed1bbbb47914a816f4b37fc7253a6ff7f4,1FpEHliIxtygYkPYGpTGd49LMNPWzGpas,"Moghadas, M., & Moradi, H. (2018). Analyzing Human-Robot Interaction Using Machine Vision for Autism screening. In 2018 6th RSI International Conference on Robotics and Mechatronics (IcRoM) (pp. 572-576). IEEE. https://doi.org/10.1109/icrom.2018.8657569",doi_filled
local_40cd7d53,Applying Eye Tracking to Identify Autism Spectrum Disorder in Children,2018,Journal of Autism and Dev,10.1007/s10803-018-3690-y,ff1aec63e1295420af6c8b1996f43caebaa69b67c284c832041bc6bb33ead769,1IuQTaurgW2Hb2UnuM-AymJsw8fUgIcit,"Wan, G., Kong, X., Sun, B., Yu, S., Tu, Y., Park, J., Lang, C., Koh, M., Wei, Z., Feng, Z., Lin, Y., & Kong, J. (2018). Applying Eye Tracking to Identify Autism Spectrum Disorder in Children. Journal of Autism and Developmental Disorders, 49(1), 209-215. https://doi.org/10.1007/s10803-018-3690-y",
local_5b1d0b36,Automatic Autism Spectrum Disorder Detection Using Everyday,2018,Proceedings of the 2018 ACM Interna,10.1145/3233547.3233574,a206f02165652444a1e5048fc7e9d931ee830ab432468330d14e211f0e541956,1sv0R_nXzTKGn0zqEZixubWIlaix7Dz8d,"Gong, Y., Yatawatte, H., Poellabauer, C., Schneider, S., & Latham, S. (2018). Automatic Autism Spectrum Disorder Detection Using Everyday Vocalizations Captured by Smart Devices. In Proceedings of the 2018 ACM International Conference on Bioinformatics, Computational Biology, and Health Informatics (pp. 465-473). ACM. https://doi.org/10.1145/3233547.3233574",
local_54954c19,Detecting Autism Based on Eye-Tracking Data from Web Searching,2018,Proceedings of the 15th International Web for All Conference,10.1145/3192714.3192819,8fe31cc61d0a0f751464c9356a37da906444e0bc3e232f8e1be288553c7b3d51,1KEhHrY7c6QnSt_HHcETd8EKJs4FcJxZf,"Yaneva, V., Ha, L. A., Eraslan, S., Yesilada, Y., & Mitkov, R. (2018). Detecting autism based on eye-tracking data from web searching tasks. In Proceedings of the 15th International Web for All Conference (pp. 1-10). ACM. https://doi.org/10.1145/3192714.3192819",
local_d8dc996a,Video Gesture Analysis for Autism Spectrum Disorder Detection,2018,2018 24th International C,10.1109/icpr.2018.8545095,fc3eb87b0023eac187fb7c95a25cba089e6d2bcad91e98db0d9ace6f8e8c58f1,1gdakqM4ZGTMXgFV92WlfLwCOKOFNGPPD,"Zunino, A., Morerio, P., Cavallo, A., Ansuini, C., Podda, J., Battaglia, F., Veneselli, E., Becchio, C., & Murino, V. (2018). Video Gesture Analysis for Autism Spectrum Disorder Detection. In 2018 24th International Conference on Pattern Recognition (ICPR) (pp. 3421-3426). IEEE. https://doi.org/10.1109/icpr.2018.8545095",doi_filled
local_88ddfdd1,A Novel Eye Movement Data Transformation Technique that Preserves Temporal Information: A Demonstration in a Face Processing Task,2019,"Sensors, 19(10), Article 2377",10.3390/s19102377,3ec8e5af936fa685535caa6edd8b80613812610eb03259e5be51163245504a34,1gPQKzpowN11bhAhKGLlUWNUB_V7w0EQB,"Król, M., & Król, M. E. (2019). A Novel Eye Movement Data Transformation Technique that Preserves Temporal Information: A Demonstration in a Face Processing Task. Sensors, 19(10), Article 2377. https://doi.org/10.3390/s19102377",doi_filled
local_361110f1,Applying Machine Learning to Identify Autism With Restricted Kinematic Features,2019,"IEEE Access, 7, 157614-157622",10.1109/access.2019.2950030,3f8de49f6385439d7248da9d6419cb208bf41046ad58b0663e005c16895786fa,1HGKPq65h0iKFdeFXZqz-25wjdpxsBPWW,"Zhao, Z., Zhang, X., Li, W., Hu, X., Qu, X., Cao, X., Liu, Y., & Lu, J. (2019). Applying Machine Learning to Identify Autism with Restricted Kinematic Features. IEEE Access, 7, 157614-157622. https://doi.org/10.1109/access.2019.2950030",doi_filled
local_51533de4,Automatic Detection of Autism Spectrum Disorder in Children Using Acoustic and Text Features from Brief Natural Conversations,2019,In,10.21437/interspeech.2019-1452,6ff3f8dd98b5a271af8caed5fdc2fb3f133799fbac5500916e8548f3b3161e2a,1ICg51m4SChPamZbwrs8Chv8hutYaQESY,"Cho, S., Liberman, M., Ryant, N., Cola, M., Schultz, R. T., & Parish-Morris, J. (2019). Automatic detection of autism spectrum disorder in children using acoustic and text features from brief natural conversations. In Interspeech 2019 (pp. 2513-2517). ISCA. https://doi.org/10.21437/interspeech.2019-1452",doi_filled
local_96c87d36,Classifying Individuals with ASD Through Facial Emotion Recognition and Eye-Tracking,2019,2019 41st Annual International Conference of,10.1109/embc.2019.8857005,0eb92c54c0fab29a0d339ce167e8d9b65cfe7ec04bcf00fd520ac7c5d9f77c85,1HLa2NEZl-Wvinb6JbTiplwMzkvrJHkqg,"Jiang, M., Francis, S. M., Srishyla, D., Conelea, C., Zhao, Q., & Jacob, S. (2019). Classifying Individuals with ASD Through Facial Emotion Recognition and Eye-Tracking. In 2019 41st Annual International Conference of the IEEE Engineering in Medicine and Biology Society (EMBC) (pp. 6063-6068). IEEE. https://doi.org/10.1109/embc.2019.8857005",doi_filled
local_4b031d44,Detecting Developmental Delay and Autism Through Machine,2019,,10.2196/13822,9cd07afa733627db34032b48093477b4d8c7a0f962df13cbbdfb14f92af30263,1oM7twVpOEtmmMng1gyJYqYpg5tTpzs4L,"Tariq, Q., Fleming, S. L., Schwartz, J. N., Dunlap, K., Corbin, C., Washington, P., Kalantarian, H., Khan, N. Z., Darmstadt, G. L., & Wall, D. P. (2019). Detecting Developmental Delay and Autism Through Machine Learning Models Using Home Videos of Bangladeshi Children: Development and Validation Study. Journal of Medical Internet Research, 21(4), Article e13822. https://doi.org/10.2196/13822",doi_filled
local_05ef29e5,Exploiting Visual Behaviour for Autism Spectrum Disorder Identification,2019,2019 IEEE International Conference on Multimedia & Expo Workshops (ICMEW),10.1109/icmew.2019.00123,41e3160b6c48b904fc774b0412092bb0441c7cd8e1e203b2481ce1b20709b8f6,15j-hmUh2_dd-OcdQH9mr4e3SeoBMoR5n,"Arru, G., Mazumdar, P., & Battisti, F. (2019). Exploiting visual behaviour for autism spectrum disorder identification. In 2019 IEEE International Conference on Multimedia & Expo Workshops (ICMEW) (pp. 637-640). IEEE. https://doi.org/10.1109/icmew.2019.00123",doi_filled
local_9528024b,Hierarchical POMDP Framework for a Robot-Assisted ASD Diagnostic Protocol,2019,2019 14th ACM/IEEE International Conference on Human-Robot Interaction (HRI). IEEE,10.1109/hri.2019.8673295,34e23848c43dcd2b6f07b56d9cf6be71ee18620d4c6b19f0361c8b61cf13c8d6,1pJiCzWRNk9OkGxV6NTo7fTLzITxWH1p2,"Petric, F., & Kovacic, Z. (2019). Hierarchical POMDP Framework for a Robot-Assisted ASD Diagnostic Protocol. In 2019 14th ACM/IEEE International Conference on Human-Robot Interaction (HRI). IEEE. https://doi.org/10.1109/hri.2019.8673295",doi_filled
local_6230fe22,Intelligent Gaze-Based Screening System for Autism,2019,2019 2nd International Conference on Computer Applications & Information Security (ICCAIS),10.1109/cais.2019.8769452,116fe31a4ca77cad425a7a5eda1fab1b1adb277efb27970f773622f8123fe18e,1Y3Z6RFLHvH4AtlM2OnH4w5nqKRNdIksF,"Dris, A. B., Alsalman, A., Al-Wabil, A., & Aldosari, M. (2019). Intelligent Gaze-Based Screening System for Autism. In 2019 2nd International Conference on Computer Applications & Information Security (ICCAIS) (pp. 1-5). IEEE. https://doi.org/10.1109/cais.2019.8769452",doi_filled
local_785ba418,Kinematic features of a simple and short movement task to predict autism diagnosis,2019,2019 41st Annual International Conference of the IEEE Engineering i,10.1109/embc.2019.8857307,aa11666688c21c389091b19727d847c285c1e814f41d2b5b4711be8d3859a3fb,1nhL1Z2hJSAdJJDQRIzhYG6SKZ9aBGsNp,"Vabalas, A., Gowen, E., Poliakoff, E., & Casson, A. J. (2019). Kinematic features of a simple and short movement task to predict autism diagnosis. In 2019 41st Annual International Conference of the IEEE Engineering in Medicine and Biology Society (EMBC) (pp. 1421-1424). IEEE. https://doi.org/10.1109/embc.2019.8857307",doi_filled
local_fea042be,Learning to Predict Autism Spectrum Disorder based on the Visual,2019,Proceedings of the 12th In,10.5220/0007402601030112,6f327e3d693f72c8c46b7b6a905faec71007e3ac3f60fbf46ede7dab19f797c9,1sqEp-cUF46zTDydHKsDpHTPZud3ycJFD,"Carette, R., Elbattah, M., Cilia, F., Dequen, G., Guérin, J. L., & Bosche, J. (2019). Learning to predict autism spectrum disorder based on the visual patterns of eye-tracking scanpaths. In Proceedings of the 12th International Joint Conference on Biomedical Engineering Systems and Technologies (pp. 103-112). SCITEPRESS - Science and Technology Publications. https://doi.org/10.5220/0007402601030112",doi_filled
local_ba5fbda7,Machine Learning to Study Social Interaction Difficulties in ASD,2019,"Frontiers in Robotics and AI, 6, Article 132",10.3389/frobt.2019.00132,afe1123d7949ea28c66e14a37f03c524a1fbdc0687ce0ec8a61975efe95212f3,1AS3HNb742XL_G-bOubJw5E7E0z7fXMyP,"Georgescu, A. L., Koehler, J. C., Weiske, J., Vogeley, K., Koutsouleris, N., & Falter-Wagner, C. (2019). Machine Learning to Study Social Interaction Difficulties in ASD. Frontiers in Robotics and AI, 6, Article 132. https://doi.org/10.3389/frobt.2019.00132",
local_7b468950,Phase 3 diagnostic evaluation of a smart,2019,,10.1136/bmjopen-2018-026226,4b50806424e87ec7b2ef2e9ab64bd8c09831b04a1dd4741cf31bc9d678bee8f2,1XMbRp7B369BZ_tq9gVazvs0wAV1C_UKj,"Millar, L., McConnachie, A., Minnis, H., Wilson, P., Thompson, L., Anzulewicz, A., Sobota, K., Rowe, P., Gillberg, C., & Delafield-Butt, J. (2019). Phase 3 diagnostic evaluation of a smart tablet serious game to identify autism in 760 children 3-5 years old in Sweden and the United Kingdom. BMJ Open, 9(7), Article e026226. https://doi.org/10.1136/bmjopen-2018-026226",
local_309e5baa,Predicting Autism Diagnosis using Image with Fixations and Synthetic Saccade Patterns,2019,2019 IEEE International Conference on Multimedia & Expo,10.1109/icmew.2019.00125,e589c80bcd1c6e6b3a92747cd33261abe9c4cc2ffbd56b1369c157379574c57e,1Plr_9v_be3pAdPvWNJ-HS24DgAHcnYEN,"Wu, C., Liaqat, S., Cheung, S. C., Chuah, C. N., & Ozonoff, S. (2019). PREDICTING AUTISM DIAGNOSIS USING IMAGE WITH FIXATIONS AND SYNTHETIC SACCADE PATTERNS. In 2019 IEEE International Conference on Multimedia & Expo Workshops (ICMEW) (pp. 647-650). IEEE. https://doi.org/10.1109/icmew.2019.00125",doi_filled
local_a45f39e9,Recognition Of Atypical Behavior In Autism Diagnosis From Video Using Pose Estimation Over Time,2019,2019 IEEE,10.1109/mlsp.2019.8918863,7ea84393661f9ffc862b291380bc08bece21541531049ee156cb3519d00673cf,1THryNZ8s8F_7N-5LZsQFMGwQ7Rf4xLjH,"Vyas, K., Ma, R., Rezaei, B., Liu, S., Neubauer, M., Ploetz, T., Oberleitner, R., & Ostadabbas, S. (2019). Recognition of Atypical Behavior in Autism Diagnosis from Video Using Pose Estimation over Time. In 2019 IEEE 29th International Workshop on Machine Learning for Signal Processing (MLSP) (pp. 1-6). IEEE. https://doi.org/10.1109/mlsp.2019.8918863",doi_filled
local_d587f9cd,Robot-Assisted Autism Spectrum Disorder Diagnostic Based on Artificial Reasoning,2019,"Journal of Intelligent & Robotic Systems, 96(2), 267-281",10.1007/s10846-018-00975-y,f5232be20d78b407191d4c2781e21f3643919a28c0b67ee9955ed47f9bae2f77,1bxvSIV0283HK7wma7HHqg9SzrQ4VqTDd,"Ramírez-Duque, A. A., Frizera-Neto, A., & Bastos, T. F. (2019). Robot-Assisted Autism Spectrum Disorder Diagnostic Based on Artificial Reasoning. Journal of Intelligent & Robotic Systems, 96(2), 267-281. https://doi.org/10.1007/s10846-018-00975-y",
local_08b8027d,SP-ASDNet: CNN-LSTM Based ASD Classification Model using Observer ScanPaths,2019,2019 IEEE International Conference on Multimedia & Expo Workshops (ICMEW),10.1109/icmew.2019.00124,a280217cf10b1a9857820413d6864aedaf3869042d39e78185f1c14baac44c66,1Wo8xFBwKcntVif4qqpBRkNmPfghdNypJ,"Tao, Y., & Shyu, M. L. (2019). SP-ASDNet: CNN-LSTM based ASD classification model using observer scanpaths. In 2019 IEEE International Conference on Multimedia & Expo Workshops (ICMEW) (pp. 641-646). IEEE. https://doi.org/10.1109/icmew.2019.00124",doi_filled
local_c6f1209b,Social robot in diagnosis of autism among preschool children,2019,2019 24th International Conference on Methods and Models in Automation and Robotic,10.1109/mmar.2019.8864666,d8452517614595c3e466207030922274529c7d50f94abc259f5bdf483fefbdc5,1sLrBA-Dchyl2AVWhHVjwKW0qW7exe6oF,"Arent, K., Kruk-Lasocka, J., Niemiec, T., & Szczepanowski, R. (2019). Social robot in diagnosis of autism among preschool children. In 2019 24th International Conference on Methods and Models in Automation and Robotics (MMAR) (pp. 652-656). IEEE. https://doi.org/10.1109/mmar.2019.8864666",doi_filled
local_83b99e73,Application of the Still-Face Paradigm in Early Screening for High-Risk Autism Spectrum Disorder in Infants and Toddlers,2020,,10.3389/fped.2020.00290,f62d9bb1bca14be7221e9d2a03cdabd41efe066971510bef2d14c8ab9f0edfa5,1uiu3v43O-TUg5f9rrVMLYCgt6MToFN2-,"Qiu, N., Tang, C., Zhai, M., Huang, W., Weng, J., Li, C., Xiao, X., Fu, J., Zhang, L., Xiao, T., Fang, H., & Ke, X. (2020). Application of the Still-Face Paradigm in Early Screening for High-Risk Autism Spectrum Disorder in Infants and Toddlers. Frontiers in Pediatrics, 8, Article 290. https://doi.org/10.3389/fped.2020.00290",
local_638860ef,Applying Machine Learning to Kinematic and Eye Movement Features of a Movement Imitation Task to Predict Autism Diagnosis,2020,"Scientific Reports, 10(1), Arti",10.1038/s41598-020-65384-4,2ff564489f33d803fb093ba67e6e04afa65f31b7f8f9db50acecb76c46d68b51,1u0slG4Pe58q74I7JL8MMPBvbG2cVPiML,"Vabalas, A., Gowen, E., Poliakoff, E., & Casson, A. J. (2020). Applying Machine Learning to Kinematic and Eye Movement Features of a Movement Imitation Task to Predict Autism Diagnosis. Scientific Reports, 10(1), Article 8346. https://doi.org/10.1038/s41598-020-65384-4",
local_7547db68,Research and Design of Autism Smart Diagnosis Information System Based on Chinese Children's Facial Expression Data and Deep Convolution Neural Network,2020,Proceedings of the 53rd Hawaii International Conference on System Sciences,10.24251/hicss.2020.406,6cd4d2bddc66dbf61e030d14aaf8f8f8a21e7627241698ac0da92c2aa702936d,18P3JM2LmHUQNni6_a8eSWMaCCUMwfBrf,"Zhao, W. (2020). Research and design of autism smart diagnosis information system based on Chinese children's facial expression data and deep convolution neural network. In Proceedings of the Annual Hawaii International Conference on System Sciences. Hawaii International Conference on System Sciences. https://doi.org/10.24251/hicss.2020.406",doi_filled
local_878c259f,Automated identification of postural control for children with autism spectrum disorder using a machine learning approach,2020,"Journal of Biomechanics, 113, 110073",10.1016/j.jbiomech.2020.110073,6d43bb51e35661b77cc6acbd429617dd3d6f474475c059981299fc3974fcb78c,1nHjRAMbJuofuU1YYYkak8YbaEVEhp3H9,"Li, Y., Mache, M. A., & Todd, T. A. (2020). Automated identification of postural control for children with autism spectrum disorder using a machine learning approach. Journal of Biomechanics, 113, 110073. https://doi.org/10.1016/j.jbiomech.2020.110073.pdf.pdf",doi_filled
local_1579c85a,Behavior-based Risk Detection of Autism Spectrum Disorder Through,2020,Companion of the 2020 ACM/IEEE International Conference on Human-Robot Interaction (pp,10.1145/3371382.3378382,a5486655b97ee827eb87571d1e7d9d10a9a88b7494c96de7c4debea8ac7761ce,1wEAeagMNjoGiY1sXojzgWItMpVqu6qCK,"Javed, H., & Park, C. H. (2020). Behavior-based risk detection of autism spectrum disorder through child-robot interaction. In Companion of the 2020 ACM/IEEE International Conference on Human-Robot Interaction (pp. 275-277). ACM. https://doi.org/10.1145/3371382.3378382",
local_157d6266,Computerized Assessment of Motor Imitation as a Scalable Method for Distinguishing Children With Autism,2020,,10.1016/j.bpsc.2020.09.001,a80f3eba082c2df52a6b8fc4b5c07459477e7acdefb94e6badd761c3fb9e3fce,1oKxWwZ1PJEgcGg9XPhVYiIXhXPZjlmc9,"Tunçgenç, B., Pacheco, C., Rochowiak, R., Nicholas, R., Rengarajan, S., Zou, E., Messenger, B., Vidal, R., & Mostofsky, S. H. (2020). Computerized Assessment of Motor Imitation as a Scalable Method for Distinguishing Children With Autism. Biological Psychiatry: Cognitive Neuroscience and Neuroimaging, 6(3), 321-328. https://doi.org/10.1016/j.bpsc.2020.09.001",
local_8be557e3,Deep-Learning-Based Detection of Infants with Autism Spectrum Disorder Using Auto-Encoder Feature Representation,2020,"Sensors, 20(23), Article 6762. https",10.3390/s20236762,2bbb8a1e5673f4f1f06adfdf38c37a9273865753ddf67b2eaf6216c2967d832b,1CFADx-FG53k-g4-3gos5gGAQj05MuBDH,"Lee, J. H., Lee, G. W., Bong, G., Yoo, H. J., & Kim, H. K. (2020). Deep-Learning-Based Detection of Infants with Autism Spectrum Disorder Using Auto-Encoder Feature Representation. Sensors, 20(23), Article 6762. https://doi.org/10.3390/s20236762",doi_filled
local_c79e100a,Effects of Intra-Subject Variation in Gait Analysis on ASD Classification Performance in Machine Learning Models,2020,,10.1109/issc49989.2020.9180201,fae152e743e7b69478410fe173b8ca79aa3d5f83fe00d97fa78e2d5358318bd7,1bDX6yfKKjFfeQ3CZZYbCJpHWG4It3rKX,"Henderson, B., Yogarajah, P., Gardiner, B., McGinnity, M., Forster, K., Nicholas, B., Wimpory, D., & Wanigasinghe, J. (2020). Effects of Intra-Subject Variation in Gait Analysis on ASD Classification Performance in Machine Learning Models. In 2020 31st Irish Signals and Systems Conference (ISSC) (pp. 1-6). IEEE. https://doi.org/10.1109/issc49989.2020.9180201",doi_filled
local_4fecbf6d,Estimating Autism Severity in Young Children From Speech Signals Using a Deep Neural Network,2020,"IEEE Access, 8, 139489-139500",10.1109/access.2020.3012532,1fc7ec4b4be2a1a350c8b2b96c8bc502ed1aad48a147f3247f73d54f8d2a8d2f,1pTcVUgLIAUDBWN4aVuirVW37gc7fovMA,"Eni, M., Dinstein, I., Ilan, M., Menashe, I., Meiri, G., & Zigel, Y. (2020). Estimating Autism Severity in Young Children from Speech Signals Using a Deep Neural Network. IEEE Access, 8, 139489-139500. https://doi.org/10.1109/access.2020.3012532",doi_filled
local_95abe653,Detecting High-Functioning Autism in Adults Using Eye Tracking and Machine Learning,2020,"IEEE Transactions on Neural Systems and Rehabilitation Engineering, 28(6), 1254-1261",10.1109/TNSRE.2020.2991675,e9a2ae83765627c17a585dc0f21d69fcf49092f5c5a9b968e2f031fc95e4ccbc,1H6Rh9vvB6b9GXFurUKEAvHj0wxK1sNsL,"Yaneva, V., Ha, L. A., Eraslan, S., Yesilada, Y., & Mitkov, R. (2020). Detecting High-Functioning Autism in Adults Using Eye Tracking and Machine Learning. IEEE Transactions on Neural Systems and Rehabilitation Engineering, 28(6), 1254-1261. https://doi.org/10.1109/tnsre.2020.2991675",
local_40168c96,Identification of Autism Spectrum Disorder via an Eye-Tracking Based,2020,2020 7th International Conference on Bioinformatics Research and Appli,10.1145/3440067.3440078,e357d999063105abd8af813380942a7bf3c668717dd7554be51513b6a0576895,1P3Ojj0rGG8ziiIfa-hzRzCfas75bTIbu,"Xia, C., Chen, K., Li, K., & Li, H. (2020). Identification of autism spectrum disorder via an eye-tracking based representation learning model. In 2020 7th International Conference on Bioinformatics Research and Applications (pp. 59-65). ACM. https://doi.org/10.1145/3440067.3440078",
local_d3852378,Machine Learning and Virtual Reality on Body Movements' Behaviors to Classify Children with Autism Spectrum Disorder,2020,"Journal of Clinical Medicine, 9(5), 1260",10.3390/jcm9051260,04c66ff1bad5a012a2c3dc21e9695865fb02febccc252f74b50a6931c8dddf0d,1rU0CIAZRZI8VAYHVUu1aAprFDOKdi4Ib,"Alcañiz Raya, M., Marín-Morales, J., Minissi, M. E., Teruel Garcia, G., Abad, L., & Chicchi Giglioli, I. A. (2020). Machine Learning and Virtual Reality on Body Movements' Behaviors to Classify Children with Autism Spectrum Disorder. Journal of Clinical Medicine, 9(5), Article 1260. https://doi.org/10.3390/jcm9051260",
local_df438dd2,Responsive Social Smile: A Machine-Learning Based Multimodal Behavior Assessment Framework towards Early Stage Autism Screening,2020,"Proceedings of the 25th International Conference on Pattern Recognition (ICPR), 2240-2245",10.1109/ICPR48806.2021.9412766,fa4a2351c8fb9cc19845d72a47bd27aaffb52a1c27e777feeff925c50a2cc530,125Gj2NITDck0RGF0Z9tfamtsDongbqne,"Pan, Y., Cai, K., Cheng, M., Zou, X., & Li, M. (2020). Responsive social smile: A machine learning based multimodal behavior assessment framework towards early stage autism screening. In 2020 25th International Conference on Pattern Recognition (ICPR) (pp. 2240-2247). IEEE. https://doi.org/10.1109/icpr48806.2021.9412766",
local_cd9e45eb,Selection of Eye-Tracking Stimuli for Prediction by Sparsely Grouped Input Variables for Neural Networks: towards Biomarker Refinement for Autism,2020,ETRA '20 Full Papers: ACM Symposium on Eye Tracking Research and Applications,10.1145/3379155.3391334,086b3322d5327c84bbee49ee463f407764b1395eb763d3d34e91e0df87f7a5b8,1Bsq40Z5bD9VmR9P33GeGvh12glp0xa0O,"Li, B., Barney, E., Hudac, C., Nuechterlein, N., Ventola, P., Shapiro, L., & Shic, F. (2020). Selection of eye-tracking stimuli for prediction by sparsely grouped input variables for neural networks: Towards biomarker refinement for autism. In ACM Symposium on Eye Tracking Research and Applications (pp. 1-8). ACM. https://doi.org/10.1145/3379155.3391334",
local_56237213,The identification of children with autism spectrum disorder by SVM approach on EEG and eye-tracking data,2020,"Computers in Biology and Medicine, 120, Article 103722",10.1016/j.compbiomed.2020.103722,5e27fc69a619686f333a9d50cb041bd00abb5a7eb25ae932ae607ac0849ce9e9,1FwI6ng65LeuVl6MDvN_YHm-pOCeKp-c2,"Kang, J., Han, X., Song, J., Niu, Z., & Li, X. (2020). The identification of children with autism spectrum disorder by SVM approach on EEG and eye-tracking data. Computers in Biology and Medicine, 120, Article 103722. https://doi.org/10.1016/j.compbiomed.2020.103722",doi_filled
local_f9a5195f,Toward Continuous Social Phenotyping: Analyzing Gaze Patterns in an Emotion Recognition Task for Children With Autism Through Wearable Smart Glasses,2020,"Journal of Medical Internet Research, 22(4), e13810",10.2196/13810,caf0682c9b4b100f81a388d217ef473bb900d7a4776f90a56f15da00266d45e1,1SqoV530KFsdvMCnMdbXLuVk-iu3b1WMr,"Nag, A., Haber, N., Voss, C., Tamura, S., Daniels, J., Ma, J., Chiang, B., Ramachandran, S., Schwartz, J., Winograd, T., Feinstein, C., & Wall, D. P. (2020). Toward Continuous Social Phenotyping: Analyzing Gaze Patterns in an Emotion Recognition Task for Children With Autism Through Wearable Smart Glasses. Journal of Medical Internet Research, 22(4), Article e13810. https://doi.org/10.2196/13810",
local_16a77fb0,Towards the automatic detection of social biomarkers in autism spectrum disorder: introducing the simulated interaction task (SIT),2020,,10.1038/s41746-020-0227-5,a8de15a20349c4d7b247f315f61cf2cd0008bb5e9566d31322f4f81f4c5fd864,1vPcDDLpSS1VKIgBXqAFoHpDVghdvz4Gj,"Drimalla, H., Scheffer, T., Landwehr, N., Baskow, I., Roepke, S., Behnia, B., & Dziobek, I. (2020). Towards the automatic detection of social biomarkers in autism spectrum disorder: introducing the simulated interaction task (SIT). npj Digital Medicine, 3(1), Article 25. https://doi.org/10.1038/s41746-020-0227-5",
local_9c4af7a3,Utilizing Artificial Intelligence to Diagnose Autism Spectrum Disorder Based on Eye Tracking Saccades,2020,2020 IEEE MIT Undergraduate Research Technology Conference (URTC),10.1109/urtc51696.2020.9668883,1612e1e2c275757db3ec0fea542ccb4efc7df5104e13d0bc69da7b20720a24ca,1STf18QU0Xo_xfz4evjh7WVC5AExsLHna,"Dinesh, A. (2020). Utilizing Artificial Intelligence to Diagnose Autism Spectrum Disorder Based on Eye Tracking Saccades. In 2020 IEEE MIT Undergraduate Research Technology Conference (URTC) (pp. 1-4). IEEE. https://doi.org/10.1109/urtc51696.2020.9668883",doi_filled
local_b70dae32,An Experimental Trial: Multi-Robot Therapy for Categorization of Autism Level Using Hidden Markov Model,2021,Journal of Educational Computing Resea,10.1177/07356331211040405,cc264478aa3012c96fb0f553d6ac83082e3c0a367cca23d2500e04ecfd185060,1Ph-X5q0O42deMVh81jw7QSkqXiYY4xEH,"Ali, S., Mehmood, F., Ayaz, Y., Sajid, M., Sadia, H., & Nawaz, R. (2021). An Experimental Trial: Multi-Robot Therapy for Categorization of Autism Level Using Hidden Markov Model. Journal of Educational Computing Research, 60(3), 722-741. https://doi.org/10.1177/07356331211040405",
local_51a0af74,Autism Spectrum Disorder Diagnosis Based on Trajectories of Eye Tracking Data,2021,"2021 IEEE 34th International Symposium on Computer-Based Medical Systems (CBMS), 50-55",10.1109/CBMS52027.2021.00016,52fd001c85bbaffcc8d27ed9dc3b6bcd1f3d73ea980a6fc92930fc1731dc3dec,1-Q5pi2vC2LAw-y7m7QvtmSK2z6JRwZuf,"Cardoso, T. V., Michelassi, G. C., Franco, F. O., Sumiya, F. M., Portolese, J., Brentani, H., Machado-Lima, A., & Nunes, F. L. S. (2021). Autism spectrum disorder diagnosis based on trajectories of eye tracking data. In 2021 IEEE 34th International Symposium on Computer-Based Medical Systems (CBMS) (pp. 50-55). IEEE. https://doi.org/10.1109/cbms52027.2021.00016",
local_d8d3037b,Autistic spectrum traits detection and early screening: A machine learning based eye movement study,2021,"Journal of Child and Adolescent Psychiatric Nursing, 35",10.1111/jcap.12346,e273cc030ef9c05609709d5ee20190de608577a0cf15c8cef07b201dbe397d8c,13geaP2yFdJqvuKwff_ryFSvgntWprwWg,"Lin, Y., Gu, Y., Xu, Y., Hou, S., Ding, R., & Ni, S. (2021). Autistic spectrum traits detection and early screening: A machine learning based eye movement study. Journal of Child and Adolescent Psychiatric Nursing, 35(1), 83-92. https://doi.org/10.1111/jcap.12346",
local_991fe435,Automatic classification of children with autism spectrum disorder by using a computerized visual‐orienting task,2021,"PsyCh Journal, 10(4), 550-565",10.1002/pchj.447,9ff4976dd6bec7d6f2a8af4a36357787073c524c0ec4dceb72d323637464eab9,1U-HxXjGUTKfoQxj1-44IFaZUxTzLbe6I,"He, Q., Wang, Q., Wu, Y., Yi, L., & Wei, K. (2021). Automatic classification of children with autism spectrum disorder by using a computerized visual-orienting task. PsyCh Journal, 10(4), 550-565. https://doi.org/10.1002/pchj.447",doi_filled
local_8692a64f,Auxiliary Diagnostic Method for Early Autism Spectrum Disorder Based on Eye Movement Data Analysis,2021,2021 IEEE 7th International Conference on Cloud Computing and Intelligen,10.1109/ccis53392.2021.9754665,dca819fa75d79ee0d25c89e80e15fa67bf669906d8c17a3569c5c0b32ed9804e,1OC_kcVL4PeWaDXnmWs3Omo4RVWIIEgO2,"Fang, H., Fan, L., & Hwang, J. N. (2021). Auxiliary Diagnostic Method for Early Autism Spectrum Disorder Based on Eye Movement Data Analysis. In 2021 IEEE 7th International Conference on Cloud Computing and Intelligent Systems (CCIS) (pp. 72-77). IEEE. https://doi.org/10.1109/ccis53392.2021.9754665",doi_filled
local_4d6fac7e,Children ASD Evaluation Through Joint Analysis of EEG and Eye-Tracking Recordings With Graph Convolution Network,2021,"Frontiers in Human Neuroscience, 15, Article 651349",10.3389/fnhum.2021.651349,ec8d882da2b30ed4e13868b5d5b3cd4298455a8aba43b1f6e28205818942127a,1vW47B-iT8N5bXmhKkh00V-o-m2EPom50,"Zhang, S., Chen, D., Tang, Y., & Zhang, L. (2021). Children ASD Evaluation Through Joint Analysis of EEG and Eye-Tracking Recordings With Graph Convolution Network. Frontiers in Human Neuroscience, 15, Article 651349. https://doi.org/10.3389/fnhum.2021.651349",
local_30c622f2,Classification of Autism Spectrum Disorder Severity Using Eye Tracking Data Based on Visual Attention Model,2021,"2021 IEEE 34th International Symposium on Computer-Based Medical Systems (CBMS), 142-147",10.1109/CBMS52027.2021.00062,40cc57646c60d06e8cbc98e5e64ae7f01c09053a13622d56e826d9112b7f1958,1XcaE-0eE8b8MVWJe0yuNMjO-Qx2pfPxB,"Revers, M. C., Oliveira, J. S., Franco, F. O., Portolese, J., Cardoso, T. V., Silva, A. F., Machado-Lima, A., Nunes, F. L. S., & Brentani, H. (2021). Classification of autism spectrum disorder severity using eye tracking data based on visual attention model. In 2021 IEEE 34th International Symposium on Computer-Based Medical Systems (CBMS) (pp. 142-147). IEEE. https://doi.org/10.1109/cbms52027.2021.00062",
local_bfc088c7,Classification of Children With Autism and Typical Development Using Eye-Tracking Data From Face-to-Face Conversations: Machine Learning Model Development and Performance Evaluation,2021,"Journal of Medical Internet Research, 23(8), e29328",10.2196/29328,51b52bd3f600b960b04af7b66f26b20b30c754300569d06f22f94b69d5d2acd0,1tof_95nZeac61StFysKOwfSr16Xf93dR,"Zhao, Z., Tang, H., Zhang, X., Qu, X., Hu, X., & Lu, J. (2021). Classification of Children With Autism and Typical Development Using Eye-Tracking Data From Face-to-Face Conversations: Machine Learning Model Development and Performance Evaluation. Journal of Medical Internet Research, 23(8), Article e29328. https://doi.org/10.2196/29328",
local_25e34bbd,Combined Signal Processing Based Techniques and Feed Forward Neural Networks for Pathological Voice Detection and Classification,2021,"Sound&Vibration, 55(2), 141-161",10.32604/sv.2021.011734,85a98c5349c45139b4cc83186fdb06353bbe01ba89ee9d39b83853e3f459cc9c,1Zu63aVTVtNvADHCV7NGvUW3hJD5qL59o,"Jayasree, T., & Shia, S. (2021). Combined signal processing based techniques and feed forward neural networks for pathological voice detection and classification. Sound&Vibration, 55(2), 141-161. https://doi.org/10.32604/sv.2021.011734",doi_filled
local_4917150c,Computer-Aided Screening of Autism Spectrum Disorder: Eye-Tracking Study Using Data Visualization and Deep Learning,2021,"JMIR Human Factors, 8(4), e27706",10.2196/27706,e7cf9426ff25732f818aa8fcf9763a4d473c093f8481e1a2c7219b4b4950123d,1VssgPFp39rlveQmb3cPUt1EuiatCigvD,"Cilia, F., Carette, R., Elbattah, M., Dequen, G., Guérin, J. L., Bosche, J., Vandromme, L., & Le Driant, B. (2021). Computer-Aided Screening of Autism Spectrum Disorder: Eye-Tracking Study Using Data Visualization and Deep Learning. JMIR Human Factors, 8(4), Article e27706. https://doi.org/10.2196/27706",
local_241ec2c2,Computer-aided autism diagnosis based on visual attention models using eye tracking,2021,"Scientific Reports, 11, 10131",10.1038/s41598-021-89023-8,f5a944edb5097754ac15446ff12b60e9f49cdcb2db0925446f0e14bb657a6454,12rz9mcJ_VPJaV6UZFGbADe1lSKfXLb6F,"Oliveira, J. S., Franco, F. O., Revers, M. C., Silva, A. F., Portolese, J., Brentani, H., Machado-Lima, A., & Nunes, F. L. S. (2021). Computer-aided autism diagnosis based on visual attention models using eye tracking. Scientific Reports, 11(1), Article 10131. https://doi.org/10.1038/s41598-021-89023-8",
local_36617ec5,Eye gaze as a biomarker in the recognition of autism spectrum disorder using virtual reality and machine learning: A proof of concept for diagnosis,2021,"Autism Research, 15(1), 131-145",10.1002/aur.2636,dbb3db0511f56ff0f948aa4e70105febafe1a869078f212ce90a3ffff8a2fc0a,144a56v39lR6k25xtQCKcwboqJB9achAK,"Alcañiz, M., Chicchi‐Giglioli, I. A., Carrasco‐Ribelles, L. A., Marín‐Morales, J., Minissi, M. E., Teruel‐García, G., Sirera, M., & Abad, L. (2021). Eye gaze as a biomarker in the recognition of autism spectrum disorder using virtual reality and machine learning: A proof of concept for diagnosis. Autism Research, 15(1), 131-145. https://doi.org/10.1002/aur.2636",
local_d8e804d6,Identifying Autism with Head Movement Features by Implementing Machine Learning Algorithms,2021,Journal of Autism and Developmental Disord,10.1007/s10803-021-05179-2,c50702bb8e187d973a87a2431e7b6167efc5c42bfc8217fc06b950e797f9a80c,1CeUBkq4BnSUx65fAU30c3kSQEoR7SIvJ,"Zhao, Z., Zhu, Z., Zhang, X., Tang, H., Xing, J., Hu, X., Lu, J., & Qu, X. (2021). Identifying Autism with Head Movement Features by Implementing Machine Learning Algorithms. Journal of Autism and Developmental Disorders, 52(7), 3038-3049. https://doi.org/10.1007/s10803-021-05179-2",
local_712542ca,Machine Learning Model To Predict Autism Investigating Eye-Tracking Dataset,2021,"2021 2nd International Conference on Robotics, Electrical and Sign",10.1109/ICREST51555.2021.9331152,a85cc0ced71f29e580299145b0034001870dfbe06e8c0b7697b7930bf594900a,1NzFXGdZsuvOFg07R6neqnobZn7GWGb5q,"Akter, T., Ali, M. H., Khan, M. I., Satu, M. S., & Moni, M. A. (2021). Machine Learning Model to Predict Autism Investigating Eye-Tracking Dataset. In 2021 2nd International Conference on Robotics, Electrical and Signal Processing Techniques (ICREST) (pp. 383-387). IEEE. https://doi.org/10.1109/icrest51555.2021.9331152",
local_0ab41681,Motor synergies: Evidence for a novel motor signature in autism spectrum disorder,2021,"Cognition, 213, Article 104652",10.1016/j.cognition.2021.104652,725f4e67b970f0b1bafccff350c007feabafe993d6d983f906085b91c252ce76,19F0LDl8yGo_5C6zffm1QOia1L9uEbByj,"Emanuele, M., Nazzaro, G., Marini, M., Veronesi, C., Boni, S., Polletta, G., D'Ausilio, A., & Fadiga, L. (2021). Motor synergies: Evidence for a novel motor signature in autism spectrum disorder. Cognition, 213, Article 104652. https://doi.org/10.1016/j.cognition.2021.104652",
local_9ca9b2cc,Personalized Robot Interventions for Autistic Children: An Automated Methodology for Attention Assessment,2021,International Journal of Social Robot,10.1007/s12369-020-00639-8,3872eef4442c5ac700f40789700e40162418cd3ad443ff5551acacae6343ad57,1VzGfE1Ka9TKFvi4Q8BFqvIZ7vUG4ynGb,"Alnajjar, F., Cappuccio, M., Renawi, A., Mubin, O., & Loo, C. K. (2021). Personalized Robot Interventions for Autistic Children: An Automated Methodology for Attention Assessment. International Journal of Social Robotics, 13(1), 67-82. https://doi.org/10.1007/s12369-020-00639-8",
local_02fa4215,Predictive Analysis of Autism Spectrum Disorder (ASD) using Machine Learning,2021,2021 International Conference on Frontiers of Information Technology (FIT),10.1109/fit53504.2021.00063,ac31340e1818bc1c662c7625b4d7fa8103249e752fa892e08ca426f447d207f2,12fvoXF6VH3cgbFjGAVqtq8tktZsLi5x6,"Farooqi, N., Bukhari, F., & Iqbal, W. (2021). Predictive Analysis of Autism Spectrum Disorder (ASD) using Machine Learning. In 2021 International Conference on Frontiers of Information Technology (FIT) (pp. 305-310). IEEE. https://doi.org/10.1109/fit53504.2021.00063",doi_filled
local_29a3fc54,Quantifying Voice Characteristics for Detecting Autism,2021,"Frontiers in Psychology, 12, Article 665096",10.3389/fpsyg.2021.665096,2e8e78448aa0b90e986500aedc1fe2a641df943d92ebc2eaa26792eec71387ad,1TbXI7MyKUbSdH8BPXOPGIBzRi0m4xmqL,"Asgari, M., Chen, L., & Fombonne, E. (2021). Quantifying Voice Characteristics for Detecting Autism. Frontiers in Psychology, 12, Article 665096. https://doi.org/10.3389/fpsyg.2021.665096",
local_b7ec3755,Early detection of children with Autism Spectrum Disorder based on visual exploration of images,2021,"Signal Processing: Image Communication, 94, Article 116184",10.1016/j.image.2021.116184,200b1924af6669a13e9adde83a36fa7238a27976113f78edc068214130010eaa,177XblSFww9WUtfockbRZrUE-urgTJkFV,"Mazumdar, P., Arru, G., & Battisti, F. (2021). Early detection of children with Autism Spectrum Disorder based on visual exploration of images. Signal Processing: Image Communication, 94, Article 116184. https://doi.org/10.1016/J.IMAGE.2021.116184",doi_filled+title_repaired+journal_repaired
local_684969f6,Predicting ASD Diagnosis in Children with Synthetic and Image-based Eye Gaze Data,2021,"Signal Processing: Image Communication, 94, Article 116198",10.1016/j.image.2021.116198,58d57d263785514d8c4810304b6861601104762ad3574aed4b5dda5f288e3273,190BOWOo22_Dbq3HiOsKxiV4dNlc4nMN4,"Liaqat, S., Wu, C., Duggirala, P. R., Cheung, S. C. S., Chuah, C. N., Ozonoff, S., & Young, G. (2021). Predicting ASD Diagnosis in Children with Synthetic and Image-based Eye Gaze Data. Signal Processing: Image Communication, 94, Article 116198. https://doi.org/10.1016/j.image.2021.116198",doi_filled+title_repaired+journal_repaired
local_35004e74,Using 2D video-based pose estimation for automated prediction of autism spectrum disorders in young children,2021,"Scientific Reports, 11(1), Arti",10.1038/s41598-021-94378-z,953652c8ee74238fda625d9577110df477c385d7aaa9a7c35419056307f75596,1Exhpt1X0IdTcFzTSWYKzsziaxmfL7bWj,"Kojovic, N., Natraj, S., Mohanty, S. P., Maillart, T., & Schaer, M. (2021). Using 2D video-based pose estimation for automated prediction of autism spectrum disorders in young children. Scientific Reports, 11(1), Article 15069. https://doi.org/10.1038/s41598-021-94378-z",
local_fa91fc18,Using Technology to Identify Children With Autism Through Motor Abnormalities,2021,"Frontiers in Psychology, 12, Article 635696",10.3389/fpsyg.2021.635696,01b654cda351818fbc4b24004ebb0c0036e06c002fe85ad0665bbab54cb9cb9a,1UUjfK4Q-nrq-2b9KLg-7ba050x_L-HwI,"Simeoli, R., Milano, N., Rega, A., & Marocco, D. (2021). Using Technology to Identify Children With Autism Through Motor Abnormalities. Frontiers in Psychology, 12, Article 635696. https://doi.org/10.3389/fpsyg.2021.635696",
local_115dfe8d,A Multimodal Approach for Identifying Autism Spectrum Disorders in Children,2022,"IEEE Transactions on Neural Systems and Rehabilitation Engineering, 30, 2003-2011",10.1109/tnsre.2022.3192431,84a863f8d5265ef10c0289f9ee0308d9b7d552d7640bfe627f94e305304ce700,1kmJKKbNXiJkVSGtyeQ81XJLIzGU8-Vnk,"Han, J., Jiang, G., Ouyang, G., & Li, X. (2022). A Multimodal Approach for Identifying Autism Spectrum Disorders in Children. IEEE Transactions on Neural Systems and Rehabilitation Engineering, 30, 2003-2011. https://doi.org/10.1109/tnsre.2022.3192431",doi_filled
local_5b7ea7dc,AI-assisted Initiation to Joint Attention Evaluation for Autism Spectrum Disorder Detection,2022,2022 IEEE 3rd Intern,10.1109/ichms56717.2022.9980778,57af9e641bb96977838e3990a1a44d1a2693ab8e164b03e8095dbb6571f2fc03,198NVIRnYcLcf_ojgJ9WEhuw13o_9yNnq,"Chanyoung, K., Soyeon, K., Yu Rang, P., Soon-Beom, H., Mindong, S., Lim, J., & Bongkyung, J. (2022). AI-assisted Initiation to Joint Attention Evaluation for Autism Spectrum Disorder Detection. In 2022 IEEE 3rd International Conference on Human-Machine Systems (ICHMS) (pp. 1-6). IEEE. https://doi.org/10.1109/ichms56717.2022.9980778",doi_filled
local_87fe26aa,Application of Machine Learning Techniques to Detect the Children with Autism Spectrum Disorder,2022,"Journal of Healthcare Engineering, 2022, 1-10",10.1155/2022/9340027,2e64ddb091c96d201f0c8911c140597b207bd6bdd4b43c482aa497fd1d3870ae,1zcZuquze865vnAD9tR1agRkyTJAieXWH,"Liao, M., Duan, H., & Wang, G. (2022). Application of Machine Learning Techniques to Detect the Children with Autism Spectrum Disorder. Journal of Healthcare Engineering, 2022, 1-10. https://doi.org/10.1155/2022/9340027",doi_filled
local_893ce2fa,An optimized Kernel Extreme Learning Machine for the classification of the autism spectrum disorder by using gaze tracking images,2022,"Applied Soft Computing, 120, Article 108654",10.1016/j.asoc.2022.108654,d5b745653c7a341f485491f01f53b62966abcd2abb2bbf00370cf2aa7e331bd5,1mO0oqRMrb9cS1z6jeYadSyoV5G136cYt,"Gaspar, A., Oliva, D., Hinojosa, S., Aranguren, I., & Zaldivar, D. (2022). An optimized Kernel Extreme Learning Machine for the classification of the autism spectrum disorder by using gaze tracking images. Applied Soft Computing, 120, Article 108654. https://doi.org/10.1016/j.asoc.2022.108654",doi_filled+title_repaired+journal_repaired
local_dffe4127,Atypical gaze patterns in autistic adults are heterogeneous across but reliable within individuals,2022,Molecular Auti,10.1186/s13229-022-00517-2,ae5bcf73d7c3adf62f3ecf3b9524f5cf1a404ccf3ed00e97f9b2ae37d9dd0c80,1jbS4mkKFy_wKXjXrdFrXxOGkCYQWM3_2,"Keles, U., Kliemann, D., Byrge, L., Saarimäki, H., Paul, L. K., Kennedy, D. P., & Adolphs, R. (2022). Atypical gaze patterns in autistic adults are heterogeneous across but reliable within individuals. Molecular Autism, 13(1), Article 39. https://doi.org/10.1186/s13229-022-00517-2",
local_2b766683,Classifying Autism From Crowdsourced Semistructured Speech,2022,JMIR,10.2196/35406,48568e5d9c43f4844432d98cbfe84a97821f05e6131bc30df6cfece8845e3f8e,1YtqE1SRWHsGEkhM3ZrXrfH1X0QwhmE0A,"Chi, N. A., Washington, P., Kline, A., Husic, A., Hou, C., He, C., Dunlap, K., & Wall, D. P. (2022). Classifying Autism From Crowdsourced Semistructured Speech Recordings: Machine Learning Model Comparison Study. JMIR Pediatrics and Parenting, 5(2), Article e35406. https://doi.org/10.2196/35406",doi_filled
local_2895bdf0,Combining voice and language features improves automated autism detection,2022,"Autism Research, 15(7), 1288-1300",10.1002/aur.2733,8f35e1ff983f78a6cefaec858be5eccfcb12adcf44a9b56d60124dfc1b3dd032,1AaW8N_bEVVeTWJ_Zm7jf4mbQcC32JdMT,"MacFarlane, H., Salem, A. C., Chen, L., Asgari, M., & Fombonne, E. (2022). Combining voice and language features improves automated autism detection. Autism Research, 15(7), 1288-1300. https://doi.org/10.1002/aur.2733",
local_423b636b,Complexity analysis of head movements in autistic toddlers,2022,,10.1111/jcpp.13681,b31b2d37e189b4cf3865257ee538a56bf77aee94aa13429c1e4de6422c2d67e2,1ePcmVdU35wfXqO4gPqNk1INEOY-89ExK,"Krishnappa Babu, P. R., Di Martino, J. M., Chang, Z., Perochon, S., Aiello, R., Carpenter, K. L. .. H., Compton, S., Davis, N., Franz, L., Espinosa, S., Flowers, J., Dawson, G., & Sapiro, G. (2022). Complexity analysis of head movements in autistic toddlers. Journal of Child Psychology and Psychiatry, 64(1), 156-166. https://doi.org/10.1111/jcpp.13681",doi_filled
local_ffa35101,Cross-linguistic patterns of speech prosodic differences in autism: A machine learning study,2022,"PLOS ONE, 17(6)",10.1371/journal.pone.0269637,fb232886e9d26b8e5db3d76cdc13e18e1a1bba34564b2abc97130432a8a9ca5d,1uus1Usr5WuHsGPj1LfJ2PISmsTtFiao3,"Lau, J. C. Y., Patel, S., Kang, X., Nayar, K., Martin, G. E., Choy, J., Wong, P. C. M., & Losh, M. (2022). Cross-linguistic patterns of speech prosodic differences in autism: A machine learning study. PLOS ONE, 17(6), Article e0269637. https://doi.org/10.1371/journal.pone.0269637",doi_filled
local_81ecbc6f,Detecting autism from picture book narratives using deep neural utterance embeddings,2022,"International Journal of Language & Communication Disorders, 57(5), 948-962",10.1111/1460-6984.12731,3230655ba30a749f2ba078981ce1160595a65c7810c670a96934f5a14965f180,1JPSlLxO7quEv5PPJfELS4R6PIP98Kp9l,"Wawer, A., & Chojnicka, I. (2022). Detecting autism from picture book narratives using deep neural utterance embeddings. International Journal of Language & Communication Disorders, 57(5), 948-962. https://doi.org/10.1111/1460-6984.12731",
local_bc62bc4b,Development of a visual attention based decision support system for autism spectrum disorder screening,2022,"International Journal of Psychophysiology, 173, 69-8",10.1016/j.ijpsycho.2022.01.004,7118f5a5179fa2502a15769666a6217045f5262a19dc349d3301d81a999726ab,1i3U3OyfVKMoNolNvesfOby_HgWreZYBM,"Ozdemir, S., Akin-Bulbul, I., Kok, I., & Ozdemir, S. (2022). Development of a visual attention based decision support system for autism spectrum disorder screening. International Journal of Psychophysiology, 173, 69-81. https://doi.org/10.1016/j.ijpsycho.2022.01.004",doi_filled
local_889d9bd6,Different Eye Tracking Patterns in Autism Spectrum Disorder in Toddler and Preschool Children,2022,,10.3389/fpsyt.2022.899521,ee0ad9f69ba0d603d40524ba90f56fcef7577c3e392345ea64faaa1db994d3ea,1_Z_s_kc9tznMgWZpbpG0ys7dZr0uMTTL,"Kong, X. J., Wei, Z., Sun, B., Tu, Y., Huang, Y., Cheng, M., Yu, S., Wilson, G., Park, J., Feng, Z., Vangel, M., Kong, J., & Wan, G. (2022). Different Eye Tracking Patterns in Autism Spectrum Disorder in Toddler and Preschool Children. Frontiers in Psychiatry, 13, Article 899521. https://doi.org/10.3389/fpsyt.2022.899521",
local_361b59fb,Evaluation of an artificial intelligence-based medical device for diagnosis of autism spectrum disorder,2022,npj Digital Medicine,10.1038/s41746-022-00598-6,1773c4396a81d429f889936ac0f02e74b016ff5354730decce6217fe3aefcbcb,1ZMAxAg2cngx5c_pZ7-xbWDFOezEgDwlz,"Megerian, J. T., Dey, S., Melmed, R. D., Coury, D. L., Lerner, M., Nicholls, C. J., Sohl, K., Rouhbakhsh, R., Narasimhan, A., Romain, J., Golla, S., Shareef, S., Ostrovsky, A., Shannon, J., Kraft, C., Liu-Mayo, S., Abbas, H., Gal-Szabo, D. E., Wall, D. P., & Taraman, S. (2022). Evaluation of an artificial intelligence-based medical device for diagnosis of autism spectrum disorder. npj Digital Medicine, 5(1), Article 57. https://doi.org/10.1038/s41746-022-00598-6",
local_afdb603d,Extraction and Classification of Acoustic Features from Italian Speaking Children with Autism Spectrum Disorders.,2022,Proceedings of the RaPID Workshop - Resources,,1a9447191c48c4596737e4bee09aaeaaeb7b69070d5bb62433d661feac443ac1,1QvnCkotv0v0g7gm6CQb-Igfm0JIB3yRC,"Beccaria, F., Gagliardi, G., & Kokkinakis, D. (2022). Extraction and Classification of Acoustic Features from Italian Speaking Children with Autism Spectrum Disorders. In Proceedings of the RaPID Workshop - Resources and ProcessIng of linguistic, para-linguistic and extra-linguistic Data from people with various forms of cognitive/psychiatric/developmental impairments - within the 13th Language Resources and Evaluation Conference (pp. 22-30). European Language Resources Association. https://aclanthology.org/2022.rapid-1.4/",
local_4f7e7eb3,Eye Tracking-Based Diagnosis and Early Detection of Autism Spectrum Disorder Using Machine Learning and Deep Learning Techniques,2022,,10.3390/electronics11040530,e8e0213ff45d8f3d14ff64799bc73c507cec8b23670c1620e6410a0ff52c217a,15pwYrTHEh0N4VbKAF1zsBrYQ_aQjRgYU,"Ahmed, I. A., Senan, E. M., Rassem, T. H., Ali, M. A. H., Shatnawi, H. S. A., Alwazer, S. M., & Alshahrani, M. (2022). Eye Tracking-Based Diagnosis and Early Detection of Autism Spectrum Disorder Using Machine Learning and Deep Learning Techniques. Electronics, 11(4), 530. https://doi.org/10.3390/electronics11040530",
local_db6c2d7c,Identification of Social Engagement Indicators Associated With,2022,,10.2196/31830,60b2673f5ecd980b06482efe8bb22d402605396e7de9010dacfcad75da0c3a2f,1FVVLkVIzmqnwWmd_WlydfzJ9UPR3rCUX,"Varma, M., Washington, P., Chrisman, B., Kline, A., Leblanc, E., Paskov, K., Stockham, N., Jung, J. Y., Sun, M. W., & Wall, D. P. (2022). Identification of Social Engagement Indicators Associated With Autism Spectrum Disorder Using a Game-Based Mobile App: Comparative Study of Gaze Fixation and Visual Scanning Methods. Journal of Medical Internet Research, 24(2), Article e31830. https://doi.org/10.2196/31830",doi_filled
local_8b5fb23b,Investigation of Eye-Tracking Scan Path as a Biomarker for Autism Screening Using Machine Learning Algorithms,2022,"Diagnostics, 12(2), 518",10.3390/diagnostics12020518,84542bd80340a89f0b9529e2a6176475aae245d1e90db230873faac758df1d3c,1byucuGUQ6FKTc8AdyUAN7rxdXC7vs-TN,"Kanhirakadavath, M. R., & Chandran, M. S. M. (2022). Investigation of Eye-Tracking Scan Path as a Biomarker for Autism Screening Using Machine Learning Algorithms. Diagnostics, 12(2), 518. https://doi.org/10.3390/diagnostics12020518",
local_6dcefc34,Machine learning models using mobile game play accurately classify children with autism,2022,Intell,10.1016/j.ibmed.2022.100057,5cb7e0f5d8a536dfc0ca16d04de9ca1cceae952e8803eaada92190a86a659ea2,1By3eKZZQOkdUEDPsBmoixoeBVPefr8ky,"Deveau, N., Washington, P., Leblanc, E., Husic, A., Dunlap, K., Penev, Y., Kline, A., Mutlu, O. C., & Wall, D. P. (2022). Machine learning models using mobile game play accurately classify children with autism. Intelligence-Based Medicine, 6, Article 100057. https://doi.org/10.1016/j.ibmed.2022.100057",doi_filled
local_65974fc7,Speech Signal Analysis of Autistic Children Based on Time-Frequency Domain Distinguishing Feature Extraction,2022,2022 IEEE 34th International Conference on Tools with Artificial,10.1109/ictai56018.2022.00164,fd875a1c6920f4342084d39c568ac89b64da1f64813d3278586aaadcb9a9dfb5,1PI8oQ63iQY-uYjLjqY_GkTxvX9JDFn_r,"Chen, L., Zhang, C., & Gao, X. (2022). Speech Signal Analysis of Autistic Children Based on Time-Frequency Domain Distinguishing Feature Extraction. In 2022 IEEE 34th International Conference on Tools with Artificial Intelligence (ICTAI) (pp. 1076-1081). IEEE. https://doi.org/10.1109/ictai56018.2022.00164",doi_filled
local_988c462e,The Impact of Speaker Diarization on DNN-based Autism Severity Estimation,2022,2022 44th Annual International Conference of the IEEE Engineering in Medicine &,10.1109/embc48229.2022.9871523,3dda3b9277ba3871c6889de534219541cbb9e3a2344c8cb9e842eafa925e2f4b,1QQo59moXZ4mH9y5c43yBdP033enTpgs0,"Eni, M., Gorodetski, A., Dinstein, I., & Zigel, Y. (2022). The Impact of Speaker Diarization on DNN-based Autism Severity Estimation. In 2022 44th Annual International Conference of the IEEE Engineering in Medicine & Biology Society (EMBC) (pp. 3414-3417). IEEE. https://doi.org/10.1109/embc48229.2022.9871523",doi_filled
local_76de1c03,The Use of Social Robots in the Diagnosis of Autism in Preschool Children,2022,"Applied Sciences, 12(",10.3390/app12178399,65af230a9a137134374f90b77cbe641dbeed64b2a379d999f46f43972b327ea4,1AfCp4NwTMVi5OsHOy9nXgnn0UtUS3CF-,"Arent, K., Brown, D. J., Kruk-Lasocka, J., Niemiec, T. L., Pasieczna, A. H., Standen, P. J., & Szczepanowski, R. (2022). The Use of Social Robots in the Diagnosis of Autism in Preschool Children. Applied Sciences, 12(17), Article 8399. https://doi.org/10.3390/app12178399",doi_filled
local_3ba6d25c,Use of Oculomotor Behavior to Classify Children with Autism and Typical Development: A Novel Implementation of the Machine Learning Approach,2022,Jo,10.1007/s10803-022-05685-x,d623501875433e6b297b6f5c48b1741ae972b7c5b2bdd14dfb55236158692e02,1rNyVb29sJSRs2GlPJ8H-pDjai_y34YPo,"Zhao, Z., Wei, J., Xing, J., Zhang, X., Qu, X., Hu, X., & Lu, J. (2022). Use of Oculomotor Behavior to Classify Children with Autism and Typical Development: A Novel Implementation of the Machine Learning Approach. Journal of Autism and Developmental Disorders, 53(3), 934-946. https://doi.org/10.1007/s10803-022-05685-x",
local_70a30e2b,A Sensorized Toy Car for Autism Screening Using Multi-Modal Features,2023,"Sustainability, 15(10), Article 7790",10.3390/su15107790,9bfd5255be50fc828e6e49f42f3175848d196b09e174dbca039569284524d279,1JyVSkwuV5N7yzRGx6PIRnlV-26pRzxIP,"Mehralizadeh, B., Baradaran, B., Nikkhoo, S., Soleiman, P., & Moradi, H. (2023). A Sensorized Toy Car for Autism Screening Using Multi-Modal Features. Sustainability, 15(10), Article 7790. https://doi.org/10.3390/su15107790",
local_a22f97df,A deep learning latent variable model to identify children with autism through motor abnormalities,2023,"Frontiers in Psychology, 14, Article 1194760",10.3389/fpsyg.2023.1194760,65eae6e792aff63d4c426d1a0a81648c093b158352d448d61524c2606ee41b5a,1sADClBpEEBNKanljW1cl1nEXDfjGORly,"Milano, N., Simeoli, R., Rega, A., & Marocco, D. (2023). A deep learning latent variable model to identify children with autism through motor abnormalities. Frontiers in Psychology, 14, Article 1194760. https://doi.org/10.3389/fpsyg.2023.1194760",doi_filled
local_c6853fe2,A multimodal discrimination method for the response to name behavior of autistic children based on human pose tracking and head pose estimation,2023,Displa,10.1016/j.displa.2022.102360,cd597207fd7fe24554a1d76c75900f260f602b9c9e374d0f254a2c38239e32be,1v_gqwaQavL5_VUCPRo6p1NP_FARZO68p,"Song, C., Wang, S., Chen, M., Li, H., Jia, F., & Zhao, Y. (2023). A multimodal discrimination method for the response to name behavior of autistic children based on human pose tracking and head pose estimation. Displays, 76, Article 102360. https://doi.org/10.1016/j.displa.2022.102360",doi_filled
local_f1b626c8,Classification of autistic and normal children using analysis of eye-tracking data from computer games,2023,"Signal, Image a",10.1007/s11760-023-02668-y,f42bb30e1679579124923b9ad1c4ad452b8fa66675b79ad2c675b35412a6cebe,1Ij9G1rEcAepPGnfF4GQFLIitkPB7s5rj,"Aminoleslami, S., Maghooli, K., Sammaknejad, N., Haghipour, S., & Sadeghi-Firoozabadi, V. (2023). Classification of autistic and normal children using analysis of eye-tracking data from computer games. Signal, Image and Video Processing, 17(8), 4357-4365. https://doi.org/10.1007/s11760-023-02668-y",
local_6249bd63,Comparison of Human Experts and AI in Predicting Autism from Facial Behavior,2023,Joint Proceedings of the ACM IUI 20,,e5f2a8f2ffb29048c9af29d13b11220a0f9f0ddb720b171961f8cc6b8ab1e97e,13A85hG73FkDVb2TheegKI5i_PN91vHRs,"Sariyanidi, E., Zampella, C. J., DeJardin, E., Herrington, J. D., Schultz, R. T., & Tunc, B. (2023). Comparison of Human Experts and AI in Predicting Autism from Facial Behavior. In Joint Proceedings of the ACM IUI 2023 Workshops (pp. 48-57). CEUR-WS.org. https://ceur-ws.org/Vol-3359/paper6.pdf",
local_8b9e0e8a,Dynamic Viewing Pattern Analysis: Towards Large-Scale Screening of Children With ASD in Remote Areas,2023,IEEE Transactions on Biomedical Engineerin,10.1109/tbme.2022.3223736,7ad56c01ae859302404d01d80f56591d6e15e183f88730cb3491bb374b414601,1w7fwBzjzh9BPlJq3-Rg38HP6QvNp8J8z,"Xia, C., Zhang, D., Li, K., Li, H., Chen, J., Min, W., & Han, J. (2023). Dynamic Viewing Pattern Analysis: Towards Large-Scale Screening of Children With ASD in Remote Areas. IEEE Transactions on Biomedical Engineering, 70(5), 1622-1633. https://doi.org/10.1109/tbme.2022.3223736",doi_filled
local_0e476686,Early Detection of Autism Spectrum Disorder through AI-Powered Analysis of Social Media Texts,2023,,10.1109/cbms58004.2023.00223,e2c8551a400b3123029973d5a8ba9ae244c9adfec989200b29e1d51242e7c039,1C3qwCV9LnfJx4Z7YPFwtEUMDLXHszU7e,"Rubio-Martín, S., García-Ordás, M. T., Bayón-Gutiérrez, M., Prieto-Fernández, N., & Benítez-Andrades, J. A. (2023). Early Detection of Autism Spectrum Disorder through AI-Powered Analysis of Social Media Texts. In 2023 IEEE 36th International Symposium on Computer-Based Medical Systems (CBMS) (pp. 235-240). IEEE. https://doi.org/10.1109/cbms58004.2023.00223",doi_filled
local_fbaf69bf,Exploring Complexity of Facial Dynamics in Autism Spectrum Disorder,2023,IEEE Tr,10.1109/taffc.2021.3113876,ce82466085165f8dd70326f675a43381b84738ccb0de064f509dbd2cdb1cce2a,1f3g5Nx03fYuJw9oDQUSrkN583Kxnbzbm,"Babu, P. R. K., Di Martino, J. M., Chang, Z., Perochon, S., Carpenter, K. L. H., Compton, S., Espinosa, S., Dawson, G., & Sapiro, G. (2023). Exploring Complexity of Facial Dynamics in Autism Spectrum Disorder. IEEE Transactions on Affective Computing, 14(2), 919-930. https://doi.org/10.1109/taffc.2021.3113876",doi_filled
local_74416ba7,Eye-movement analysis on facial expression for identifying children and adults with neurodevelopmental disorders,2023,Fr,10.3389/fdgth.2023.952433,9cc2ebcd203f7c818f2a5085f2c4d5c9f071b4534ceef6be5acbdc86174b5112,1dxzahUTqfn0uv0w7LSwtPrOOVk3Lv_oi,"Iwauchi, K., Tanaka, H., Okazaki, K., Matsuda, Y., Uratani, M., Morimoto, T., & Nakamura, S. (2023). Eye-movement analysis on facial expression for identifying children and adults with neurodevelopmental disorders. Frontiers in Digital Health, 5, Article 952433. https://doi.org/10.3389/fdgth.2023.952433",
local_7c6a5aa4,"Large-scale Investigations of AAC Usage Patterns: Trends, Autism, and Stacked Autoencoders",2023,2,10.1109/ccwc57344.2023.10099096,f869451539e1c0522fe53d7dbff497df21292f6655ddebcbef3ad4da77e09d13,1WCO2GcLTSp1vfyZaoFMDlye6s8uZoOB-,"Atyabi, A., Boccanfuso, L., Snider, J. .. C., Kim, M., Barney, E., Ahn, Y. A., Li, B., Dommer, K. J., & Shic, F. (2023). Large-scale Investigations of AAC Usage Patterns: Trends, Autism, and Stacked Autoencoders. In 2023 IEEE 13th Annual Computing and Communication Workshop and Conference (CCWC) (pp. 851-859). IEEE. https://doi.org/10.1109/ccwc57344.2023.10099096",doi_filled
local_8a706eaa,Development and Validation of a Joint Attention-Based Deep Learning System for Detection and Symptom Severity Assessment of Autism Spectrum Disorder,2023,"JAMA Network Open, 6(5), Article e2315174",10.1001/jamanetworkopen.2023.15174,9a7b71c6468ca21abf6a19b33340c026cdd2a254e3e8a3dcf73243d40b16548d,1iItgS12v1Iu55JF8_j6uxltRg8S7mgKk,"Ko, C., Lim, J. H., Hong, J., Hong, S. B., & Park, Y. R. (2023). Development and Validation of a Joint Attention-Based Deep Learning System for Detection and Symptom Severity Assessment of Autism Spectrum Disorder. JAMA Network Open, 6(5), Article e2315174. https://doi.org/10.1001/jamanetworkopen.2023.15174",doi_filled+title_repaired+journal_repaired
local_6b9484ce,Predicting autism in children at an early stage using eye tracking,2023,2023 2nd International Conference on Vision Towards Emerging Trends in Communication and Networking Technolo,10.1109/vitecon58111.2023.10157663,8121775a2395ebb440a6eee7c78c13e33a91180f8fbc503b3fcfd01c8e9aa0a2,1ZNz_XRYg_Y6JJskZvXqG7HEUdCJERKrn,"Kannan, R. M., & Sasikala, R. (2023). Predicting autism in children at an early stage using eye tracking. In 2023 2nd International Conference on Vision Towards Emerging Trends in Communication and Networking Technologies (ViTECoN) (pp. 1-6). IEEE. https://doi.org/10.1109/vitecon58111.2023.10157663",doi_filled
local_c6a4ea7b,SPASHT: Semantic and Pragmatic Speech Features for Automatic Assessment of Autism,2023,"ICASSP 2023 - 2023 IEEE International Conference on Acoustics, Speech and Signal Processin",10.1109/icassp49357.2023.10095135,08c10ffc5a5eea7150f131c11f9cfd359f076073a414b1e833cad3f30d4cf075,1dKONG1FIyUZafHhunjhYkXY7_OxVvZrd,"B, A., Narayan, V., & Shukla, J. (2023). SPASHT: Semantic and Pragmatic Speech Features for Automatic Assessment of Autism. In ICASSP 2023 - 2023 IEEE International Conference on Acoustics, Speech and Signal Processing (ICASSP) (pp. 1-5). IEEE. https://doi.org/10.1109/icassp49357.2023.10095135",doi_filled
local_5c43dffa,Stratification of Children with Autism Spectrum Disorder Through Fusion of Temporal Information in Eye-gaze Scan-Paths,2023,,10.1145/3539226,13681a18ff227c55c3d2903bb2716e56154746d00b9865f3880e76c93bb8c3ac,1sOf0IBKgdGIwj4NJ1zlcH3P8IkzI77zL,"Atyabi, A., Shic, F., Jiang, J., Foster, C. E., Barney, E., Kim, M., Li, B., Ventola, P., & Chen, C. H. (2023). Stratification of Children with Autism Spectrum Disorder Through Fusion of Temporal Information in Eye-gaze Scan-Paths. ACM Transactions on Knowledge Discovery from Data, 17(2), 1-20. https://doi.org/10.1145/3539226",
local_32da8ede,A Convolutional Deep Neural Network Approach to Predict Autism Spectrum Disorder Based on Eye-Tracking Scan Paths,2024,"Information, 15(3), 133",10.3390/info15030133,8f6734a1708f0b8032d251598cc4eca9bb56993ceb108a245497f65392cc7f29,1y7P_Na-7CXoskj60yvt-5Gm6MRZq9STs,"Alsaidi, M., Obeid, N., Al-Madi, N., Hiary, H., & Aljarah, I. (2024). A Convolutional Deep Neural Network Approach to Predict Autism Spectrum Disorder Based on Eye-Tracking Scan Paths. Information, 15(3), 133. https://doi.org/10.3390/info15030133",
local_15ed96cb,A Prediction Model of Autism Spectrum Diagnosis from Well-Baby Electronic Data Using Machine Learning,2024,"Children, 11(4), 429",10.3390/children11040429,7dcc114cdf4f706fc687d6f5c9082a4dbbdb56641a491aa1004eb5cc59b7851b,1c5e53x-zBDmFC7zWNoeMfw5TLN1wfw06,"Ben-Sasson, A., Guedalia, J., Nativ, L., Ilan, K., Shaham, M., & Gabis, L. V. (2024). A Prediction Model of Autism Spectrum Diagnosis from Well-Baby Electronic Data Using Machine Learning. Children, 11(4), 429. https://doi.org/10.3390/children11040429",doi_filled
local_261afa51,AI-Powered Human-Computer Interaction Assisting Early Identification of Emotional and Facial Symptoms of Autism Spectrum Disorder in Children: &#x201C;A Deep Learning-Based Enhanced Facial Feature Recognition System&#x201D;,2024,,10.1109/icmisi61517.2024.10580320,017c25af765b75a0f09d15a30806230fd641e1d44cc3019a6f43f3a8ff7967ca,1zoI-JkBT5zbuGtWM8arwQEbphcZqgy22,"ElMahalawy, J., ElSwaify, Y. A., Elliboudy, D., Abbas, O. M., Moustafa, N., & Wael, N. (2024). AI-Powered Human-Computer Interaction Assisting Early Identification of Emotional and Facial Symptoms of Autism Spectrum Disorder in Children: ""A Deep Learning-Based Enhanced Facial Feature Recognition System"". In 2024 International Conference on Machine Intelligence and Smart Innovation (ICMISI) (pp. 87-93). IEEE. https://doi.org/10.1109/ICMISI61517.2024.10580320",doi_filled
local_3e88f3ce,An Explainable Deep Learning Framework for Multimodal Autism Diagnosis Using XAI GAMI-Net and Hypernetworks,2024,"Diagnostics, 15(17)",10.3390/diagnostics15172232,3ff72bdc7e6b58d730e8a562ec6b0873fc55785e12ac51d3d981d0a9725ec53f,1Kf_IH90f2112YRnSwvfPetTiMSnKoiJN,"Malik, W., Fahiem, M. A., Farhat, T., Alghazo, R., Mahmood, A., & Alhajlah, M. (2024). An Explainable Deep Learning Framework for Multimodal Autism Diagnosis Using XAI GAMI-Net and Hypernetworks. Diagnostics, 15(17), Article 2232. https://doi.org/10.3390/diagnostics15172232",
local_5b5f2237,Interpersonal Motor Coordination in Children with Autism and the Establishment of Machine Learning Models to Objectively Classify Children with Autism and Typical Development,2024,"IRBM, 45(5), Article 100838",10.1016/j.irbm.2024.100838,389c144260014ecd4b6dbd493e9e5480726fc24e8944fa553a234aaa8cd12000,1LJyrRpaN6bvM_HtLzhbsB9NQ4tWTotiu,"Zhao, Z., Zhang, X., Zhang, X., Qu, X., Hu, X., & Lu, J. (2024). Interpersonal Motor Coordination in Children with Autism and the Establishment of Machine Learning Models to Objectively Classify Children with Autism and Typical Development. IRBM, 45(5), Article 100838. https://doi.org/10.1016/j.irbm.2024.100838",doi_filled+title_repaired+journal_repaired
local_13426811,Creating a diagnostic assessment model for autism spectrum disorder by differentiating lexicogrammatical choices through machine learning,2024,"PLOS ONE, 19(9), Artic",10.1371/journal.pone.0311209,61de397fcbead9faa79cafbc38f6942ef6a65e410bd884d8f4bbe5c757c41010,1cks3pvvwUscdg6btYlp1qpHZNqV7MCpt,"Kato, S., Hanawa, K., Saito, M., & Nakamura, K. (2024). Creating a diagnostic assessment model for autism spectrum disorder by differentiating lexicogrammatical choices through machine learning. PLOS ONE, 19(9), Article e0311209. https://doi.org/10.1371/journal.pone.0311209",doi_filled
local_948fa8d0,Emotion-based Autism Spectrum Disorder Detection by Leveraging Transfer Learning and Machine Learning Algorithms,2024,International Journal of Advanced Computer S,10.14569/ijacsa.2024.0150556,51c8efc136bd0949f80518bb4a10b477a6762dd436021cb26aca2d443dee7f4b,1Fr8xr5Y-vUheLAheHBsxpqo9DF_-azTE,"Sarwani, I. S., Bhaskari, D. L., & Bhamidipati, S. (2024). Emotion-based Autism Spectrum Disorder Detection by Leveraging Transfer Learning and Machine Learning Algorithms. International Journal of Advanced Computer Science and Applications, 15(5). https://doi.org/10.14569/IJACSA.2024.0150556",doi_filled
local_893dfc22,Enhanced Autism Spectrum Disorder Facial Expression Recognition Using Hybrid Weighed,2024,,10.18280/ts.410628,616363f481ece574bfc6cb281850357639aaa6cc465c852c21584a32315c77b4,16Po33FKrhOVIresKRPj619PT43jMliAg,"Devaraj, V. S., & Periyathambi, E. (2024). Enhanced Autism Spectrum Disorder Facial Expression Recognition Using Hybrid Weighed Quantum Particle Swarm Optimization with Fast Mask Recurrent Convolutional Neural Network. Traitement du Signal, 41(6), 3117-3129. https://doi.org/10.18280/ts.410628",
local_e7c16f2a,Enhancing early autism diagnosis through machine learning: Exploring raw motion data for classification,2024,"PLOS ONE, 19(4), Article e0302238. ht",10.1371/journal.pone.0302238,df27d08a10ee337b6dede5eafa74419f449d9ee17dd86ae58155a903de2ed95a,1NoJou2mrMh3rfMt8Bm2W90An3mB4mdE3,"Luongo, M., Simeoli, R., Marocco, D., Milano, N., & Ponticorvo, M. (2024). Enhancing early autism diagnosis through machine learning: Exploring raw motion data for classification. PLOS ONE, 19(4), Article e0302238. https://doi.org/10.1371/journal.pone.0302238",doi_filled
local_5a7ab52d,Hybrid weight optimized deep learning for autism and visual sensory processing disorder detection: A heuristic strategy on medical domain,2024,"Intelligent Decision Technologies, 18(1)",10.3233/IDT-220215,d96cad981580b93f76430938d0b2036d63f521ab2ac7fb612204bfeffc789281,1mxUEHqyo0nDx1BvuVnRqBqWTk2UVJI2Z,"Dedgaonkar, S., & Sachdeo, R. (2024). Hybrid weight optimized deep learning for autism and visual sensory processing disorder detection: A heuristic strategy on medical domain. Intelligent Decision Technologies, 18(1), 533-559. https://doi.org/10.3233/IDT-220215",
local_8253c2ec,Bayesian optimization of one-dimensional convolutional neural networks (1D CNN) for early diagnosis of Autistic Spectrum Disorder,2024,"Journal of Computational Mathematics and Data Science, 13, Article 100105",10.1016/j.jcmds.2024.100105,fb71ecc25697539a17fb70058c5012112b35fde037220e2b34f7c1cb1d58bb6b,1_iis8sLnMWOYv5E4-dfyDB-tRabvgI0S,"Omotehinwa, T. O., Lawrence, M. O., Oyewola, D. O., & Dada, E. G. (2024). Bayesian optimization of one-dimensional convolutional neural networks (1D CNN) for early diagnosis of Autistic Spectrum Disorder. Journal of Computational Mathematics and Data Science, 13, Article 100105. https://doi.org/10.1016/j.jcmds.2024.100105",doi_filled+title_repaired+journal_repaired
local_1e9d0b71,Machine learning’s effectiveness,2024,Frontiers,10.3389/fpsyt.2024.1464285,dda8230860b0765d337a1b88c7b773c85da6c3982d6ec675825e8e14eccdc4f6,1Ir9mARehq8uiab4C7WlhRv4fmIP9JlrV,"Ohmoto, Y., Terada, K., Shimizu, H., Kawahara, H., Iwanaga, R., & Kumazaki, H. (2024). Machine learning's effectiveness in evaluating movement in one-legged standing test for predicting high autistic trait. Frontiers in Psychiatry, 15, Article 1464285. https://doi.org/10.3389/fpsyt.2024.1464285",doi_filled
local_b9e05a8f,Multiscale attention-based network to enhance detection and classification of autism spectrum disorders using convolutional neural network,2024,"PeerJ Computer Science, 11, Article e3",10.7717/peerj-cs.3134,afa0cc4def9842bae59f4d2579dc0099b8fa3f652949cf315711c76368384b39,1wo-GjAhQJNd_0B_TlxZI2NIFTJmaJMIe,"Ismail, W. N., & Ali, M. A. S. (2024). Multiscale attention-based network to enhance detection and classification of autism spectrum disorders using convolutional neural network. PeerJ Computer Science, 11, Article e3134. https://doi.org/10.7717/peerj-cs.3134",doi_filled
local_0b0960c4,Performance Evaluation of Neural Network Models for Autism Detection Using EEG Data [REC04023],2024,,10.46604/aiti.2024.13951,e3dd2585ff49c270bd5088ec847ee632e0bf3d76a5bbdbbce9f9295f0c712e6a,19jqSDdoBxTjbGdQNrsY5SrPxdEiGyQB4,Hasan et al. (2024). Performance Evaluation of Neural Network Models for Autism Detection Using EEG Data [REC04023].pdf,
local_abad69fd,Prediction for children with autism spectrum disorder based on digital behavioral features during free play,2024,B,10.1186/s12888-024-06129-9,16f6113c6f648b0950d6445f32a99036bfe5cb85963c77b980dc7ffde084f8c8,1co-STFBfkYhhKqB5wJKRk2HIoxawyZ8I,"Liu, Q., Ma, Z., Jin, Y., He, R., Su, X., Chen, J., Yin, T., Cheng, J., Guo, Y., Li, X., & Liu, J. (2024). Prediction for children with autism spectrum disorder based on digital behavioral features during free play. BMC Psychiatry, 24(1), Article 799. https://doi.org/10.1186/s12888-024-06129-9",
local_cd7545e2,Predictive model using autism,2024,,10.3389/fpsyt.2024.1493158,950102ba05d816eabffd7e496ede08fe1851b8d531835af41f79766eea2b5592,1pVs5r2sPEVIvWHls5wQRQY6bwOiDv_p1,"Nakamura, D., Hanawa, Y., Seki, S., Yamauchi, M., Iwami, Y., Nagatsuka, Y., Suzuki, H., Aoyagi, K., Hayashi, W., Otowa, T., & Iwanami, A. (2024). Predictive model using autism diagnostic observation schedule, second edition for differential diagnosis between schizophrenia and autism spectrum disorder. Frontiers in Psychiatry, 15, Article 1493158. https://doi.org/10.3389/fpsyt.2024.1493158",doi_filled
local_3ecb92bf,The Noor Project: fair transformer transfer learning for autism spectrum disorder recognition from speech,2024,"Frontiers in Digital Health, 7, Article",10.3389/fdgth.2025.1274675,ab4b22c5ee32ea4d5d62e1af6c705c3275d66b3fcd5f8a55d7143d14990ccc20,14TGCBhfUM5okW9PBYH4XPl3GAblUH0e9,"Al Futaisi, N. D., Schuller, B. W., Ringeval, F., & Pantic, M. (2024). The Noor Project: fair transformer transfer learning for autism spectrum disorder recognition from speech. Frontiers in Digital Health, 7, Article 1274675. https://doi.org/10.3389/fdgth.2025.1274675",
local_4b02df7c,Using #ActuallyAutistic on Twitter for Precision Diagnosis of Autism,2024,"JMIR Formative Research, 8, Article e52660",10.2196/52660,19a792be83247bcb575d17664d167e75fc0e735e66293cf7ddb8227ba35a9fb0,1w1PwQC1hseLnXS53-1kxiCj09hbwCABg,"Jaiswal, A., & Washington, P. (2024). Using #ActuallyAutistic on Twitter for Precision Diagnosis of Autism Spectrum Disorder: Machine Learning Study. JMIR Formative Research, 8, Article e52660. https://doi.org/10.2196/52660",doi_filled
local_7d7f1fcc,Video-audio neural network ensemble for comprehensive screening of autism spectrum disorder in young children,2024,"PLOS ONE, 19(10), Article e0308388",10.1371/journal.pone.0308388,0e712cc768f1bf39cf03add4da5863ab65f2e5b54dee8e9bb226662607141d83,1IKLoPsVs8XmM9BtUDXyOPpvmyoXJnMRg,"Natraj, S., Kojovic, N., Maillart, T., & Schaer, M. (2024). Video-audio neural network ensemble for comprehensive screening of autism spectrum disorder in young children. PLOS ONE, 19(10), Article e0308388. https://doi.org/10.1371/journal.pone.0308388",doi_filled
local_5a331ffe,Video-based continuous affect recognition of children with Autism Spectrum Disorder using deep learning,2024,"Biomedical Signal Processing and Control, 89",10.1016/j.bspc.2023.105712,c85da067258bc6ff471186879eca7c220a4d11b6c388d3a3995657e82b7d527e,1DNlP5P0E6g4XlAcxf3vZdHhLsLY34JSm,"Dia, M., Khodabandelou, G., Sabri, A. Q. M., & Othmani, A. (2024). Video-based continuous affect recognition of children with Autism Spectrum Disorder using deep learning. Biomedical Signal Processing and Control, 89, Article 105712. https://doi.org/10.1016/j.bspc.2023.105712",doi_filled
local_45ef7022,A novel thermal imaging-based framework for continuous ASD classification and behavior analysis using facial mood and skin temperature features,2025,Biomedical Signal Proces,10.1016/j.bspc.2024.107009,2b94e722bb93558a03223cbc2335c39a788941682d8aac7aa78eed350b29a26a,16eFtBJoa2IUXq-BYIPpqVCCDG-qbiZhH,"Muniraja Manjunath, K., & Veeramani, V. (2025). A novel thermal imaging-based framework for continuous ASD classification and behavior analysis using facial mood and skin temperature features. Biomedical Signal Processing and Control, 100, Article 107009. https://doi.org/10.1016/j.bspc.2024.107009",doi_filled
local_0f5a351e,Application of artificial intelligence in modern healthcare for diagnosis of autism spectrum disorder,2025,"Frontiers in Medicine, 12, Article 156",10.3389/fmed.2025.1569464,c09e86f872354e7f7863c310c14939c121e9300d5760570674c3e33126fb779a,1fRth03W4l4qJBzEwfMW9RrV-gWmgi2Gh,"Al-Nefaie, A. H., Aldhyani, T. H. H., Ahmad, S., & Alzahrani, E. M. (2025). Application of artificial intelligence in modern healthcare for diagnosis of autism spectrum disorder. Frontiers in Medicine, 12, Article 1569464. https://doi.org/10.3389/fmed.2025.1569464",
local_786b6280,Artificial Intelligence-Based Detection of Autism Spectrum Disorder Using Linguistic Features,2025,2024 IEEE 3rd International Conference on Computing and Machine Intelligence (ICMI),10.1109/icmi60790.2024.10585946,27e1b0eeb0bdc45d52e0a78974fabb389783a117700e1a280e267f718df3807c,15LgW27WVOjlK1dkls_lwmDmvfQaxyO37,"Li, J. (2025). Artificial Intelligence-Based Detection of Autism Spectrum Disorder Using Linguistic Features. In 2024 IEEE 3rd International Conference on Computing and Machine Intelligence (ICMI) (pp. 1-6). IEEE. https://doi.org/10.1109/ICMI60790.2024.10585946",doi_filled
local_879ec69b,Autism Spectrum Disorder Detection Using Skeleton-Based Body Movement Analysis via Dual-Stream Deep Learning,2025,"Electronics, 14(11), Article 2231",10.3390/electronics14112231,b37bf8e43950938e2b30cc62336bf0b3a6359e801b80e57d1bb4193a836a1c9e,10hgfRitnv1RPOyilq57UONGz-m6MbWvS,"Shin, J., Miah, A. S. M., Kakizaki, M., Hassan, N., & Tomioka, Y. (2025). Autism Spectrum Disorder Detection Using Skeleton-Based Body Movement Analysis via Dual-Stream Deep Learning. Electronics, 14(11), Article 2231. https://doi.org/10.3390/electronics14112231",doi_filled
local_93e5d23d,Automatic Cry Analysis Deep Learning for Screening of Autism Spectrum Disorder in Early Childhood [REC01905],2025,,10.1007/s10803-025-06811-1,ff869b8c8dd2e9aeca8d67f24c3421b6c12353f0cde136f0f9a1a38585af1547,1uIALbwpr0bL4yrA7wgQJAiP74F_MYzxI,Laguna et al. (2025). Automatic Cry Analysis Deep Learning for Screening of Autism Spectrum Disorder in Early Childhood [REC01905].pdf,
local_a0d73248,Enhancing Early Diagnosis of Autism Spectrum Disorder Using a Bayesian-Optimized Random Forest Algorithm,2025,"Procedia Computer Science, 258, 1576-1585",10.1016/j.procs.2025.04.389,abbe46a61da0ca1ca85b338601d34a9d6e305da8e5149cfc88e4d19e03bc951c,1Gb8Qo0IIo_ZwjY9dugblxHtgriQtUjUr,"Babu, T., Nair, R. R., S, K., & Mahapatra, S. (2025). Enhancing Early Diagnosis of Autism Spectrum Disorder Using a Bayesian-Optimized Random Forest Algorithm. Procedia Computer Science, 258, 1576-1585. https://doi.org/10.1016/j.procs.2025.04.389",title_repaired+journal_repaired
local_4ceee075,Bulletin of Electrical Engineering and Informatics,2025,Bulletin of Elec,10.11591/eei.v14i5.10319,d3cafa2d54258798678a6936d3fb63f712aa2c23e832db02d9af599f56325d44,1wNzEFr1iQUi5yasloMVRsFJeEa9iv-Zy,"Amirbay, A., Baigabylov, N., Mukhanova, A., Mukhambetova, K., Zaitov, E., Burganova, R., Khusanova, K., & Akhmedova, F. (2025). Autism detection using facial and motor analysis using machine learning. Bulletin of Electrical Engineering and Informatics, 14(5), 3985-4000. https://doi.org/10.11591/eei.v14i5.10319",
local_84bcd4ed,Data Mining–Based Model for Computer-Aided Diagnosis of,2025,"JMIR Formative Research, 9, Article e72115",10.2196/72115,ae6892c4c64bd91090e52080416a2e9ee747e3c99c5995227605e30d5aca418f,1IELfBG7PcchLh4o-DthABpTroxqTG78k,"Eldawansy, M., El Bakry, H., & M Shohieb, S. (2025). Data Mining–Based Model for Computer-Aided Diagnosis of Autism and Gelotophobia: Mixed Methods Deep Learning Approach. JMIR Formative Research, 9, Article e72115. https://doi.org/10.2196/72115",doi_filled
local_d97673f4,Deep Learning-Based Feature Extraction from Children's Facial Images for Autism Spectrum Disorder Detection,2025,Proceedings of the Cognitive Models and Artif,10.1145/3660853.3660888,cf1318c83e069b40fc4d795aeeadb08758fa3c4f36d27d5fbdeca9a55f6aca18,1hPhHTHFbtwtQQDxtP-hqrH9hPplm60RT,"Anjum, J., Hia, N. A., Waziha, A., & Kalpoma, K. A. (2025). Deep Learning-Based Feature Extraction from Children's Facial Images for Autism Spectrum Disorder Detection. In Proceedings of the Cognitive Models and Artificial Intelligence Conference (pp. 155-159). ACM. https://doi.org/10.1145/3660853.3660888",
local_86a67a4f,Deep learning-based detection of autism spectrum disorder and emotion recognition in children,2025,"Pattern Recognition, 173, Article 112906",10.1016/j.patcog.2025.112906,f50db97e12a184ba8d591127cdc010308c496cdc6cc8fbcab32a9e8907ca780b,1cxjKioD4vwm15NnMcq9xvAUweF-kcR0z,".Akalya, T., Ramyachitra, D., Shabarna, M., & Legha, C. (2025). Deep learning-based detection of autism spectrum disorder and emotion recognition in children. Pattern Recognition, 173, Article 112906. https://doi.org/10.1016/j.patcog.2025.112906",doi_filled
local_0a39cca9,Detection of Autism Spectrum Disorder (ASD) Using Lightweight Ensemble CNN Based on Facial Images for Improved Diagnostic Accuracy,2025,International Journal of,10.14569/ijacsa.2025.0160724,07993f9c824310269e4977db18da9d85ee3d796527f7c546ba5ea81dc3f3eb93,13ktYQnKrMgglztzlP-6FKFsy0RJwaqVH,"Nugroho, A. K., Priyanto, J. E., & Vinski, D. S. P. (2025). Detection of Autism Spectrum Disorder (ASD) Using Lightweight Ensemble CNN Based on Facial Images for Improved Diagnostic Accuracy. International Journal of Advanced Computer Science and Applications, 16(7). https://doi.org/10.14569/ijacsa.2025.0160724",doi_filled
local_7432ffd7,Diagnosing autism spectrum disorder based on eye tracking technology using deep learning models,2025,"Frontiers in Medicine, 12",10.3389/fmed.2025.1690177,f1b821befad639c20c476877597ecb83ff9efdebf80b94b5feb97c05e772cab7,1Y1ZnuD7fAoHL4WWDWQFMKdX6AZc8Vc_n,"Al-Adhaileh, M. H., Alsubari, S. N. M., Al-Nefaie, A. H., Ahmad, S., & Alhamadi, A. A. (2025). Diagnosing autism spectrum disorder based on eye tracking technology using deep learning models. Frontiers in Medicine, 12, Article 1690177. https://doi.org/10.3389/fmed.2025.1690177",doi_filled
local_8ff20c48,Early Detection of Autism Spectrum Disorder Through Automated Machine Learning,2025,"Diagnostics, 15(15), Article 1859",10.3390/diagnostics15151859,641ea2a254f04fe28d2129daaf9c5a65f6ee59fada0e66137314f2bd2aafd1c4,1JZ6HMzpPQLDDeSsXFnpDZ8puhlGAqkEi,"Ehsan, K., Sultan, K., Fatima, A., Sheraz, M., & Chuah, T. C. (2025). Early Detection of Autism Spectrum Disorder Through Automated Machine Learning. Diagnostics, 15(15), Article 1859. https://doi.org/10.3390/diagnostics15151859",
local_986436f2,Enhanced ASD detection using 3D facial landmark localization with convolutional shape appearance model and graph-randomized XGBoost,2025,"Sādhanā, 51(1), Article 30",10.1007/s12046-025-03024-1,64427e40a3d216c949368e375625866abb5047c562de05ef713b06ac72a5d4fb,1eU7wBzGYvT8odxVVH07oV4RsbO4yt7WM,"Attar, N., & Paygude, S. (2025). Enhanced ASD detection using 3D facial landmark localization with convolutional shape appearance model and graph-randomized XGBoost. Sādhanā, 51(1), Article 30. https://doi.org/10.1007/s12046-025-03024-1",doi_filled
local_bb4d1f7a,Enhanced multilevel autism classification for children using eye-tracking and hybrid CNN-RNN deep learning models,2025,"Neural Computing and Applications, 37(33), 27631-27654",10.1007/s00521-024-10633-0,79baafcd0be7a5efcebb0407008372c64af143ff410439c4df8eb64b660b319f,10H3AyD56xPjDnRM5zkIsO5juwMc1fcey,"Cheekaty, S., & Muneeswari, G. (2025). Enhanced multilevel autism classification for children using eye-tracking and hybrid CNN-RNN deep learning models. Neural Computing and Applications, 37(33), 27631-27654. https://doi.org/10.1007/s00521-024-10633-0",doi_filled
local_13c1f46d,Ensemble of Deep Learning with Crested Porcupine Optimizer Based Autism,2025,"Computers, Materials & Con",10.32604/cmc.2025.062266,128d2e65db921c207374f3fcea13579ffd6054c0c274f62f4d1bd0d74fcace3e,1mG7H-yDPLS4DiFNGxJOPgm3Q5x1oXUQP,"Balasubramani, J., Rajendran, S., Zakariah, M., & Alnuaim, A. (2025). Ensemble of Deep Learning with Crested Porcupine Optimizer Based Autism Spectrum Disorder Detection Using Facial Images. Computers, Materials & Continua, 83(2), 2793-2807. https://doi.org/10.32604/cmc.2025.062266",
local_e771fb69,Explainable and secure framework for autism prediction using multimodal eye tracking and kinematic data,2025,Complex & Intelligent Sys,10.1007/s40747-025-01790-3,da580b2a8596bde75eb95716d75721657395efac50e93087e115454a3c5f3fe2,17HHL_K7cvczQWDvue6fwR19SYJIwRxV9,"Almadhor, A., Alasiry, A., Alsubai, S., Al Hejaili, A., Kovac, U., & Abbas, S. (2025). Explainable and secure framework for autism prediction using multimodal eye tracking and kinematic data. Complex & Intelligent Systems, 11(3), Article 173. https://doi.org/10.1007/s40747-025-01790-3",
local_945300a5,Facial Images Dataset for Early Screening of Autism Children Using Convolutional Neural Network,2025,2025 10th International Conference on Computer and Communi,10.1109/iccce66530.2025.11474117,31bfdd947c491d25b67a4161580e40b244c95d63f36b59315d020570d579e43b,1ufOi19xe3IRl2XgO0cIZFuWXgIB1aUf2,"Zainal, Z., Melinda, M., Away, Y., & Mawarpury, M. (2025). Facial Images Dataset for Early Screening of Autism Children Using Convolutional Neural Network. In 2025 10th International Conference on Computer and Communication Engineering (ICCCE) (pp. 351-356). IEEE. https://doi.org/10.1109/ICCCE66530.2025.11474117",doi_filled
local_ed30e24c,"Improving Early Autism Detection with Chi-Square Feature Selection, Machine Learning, and Explainable AI",2025,"Engineering, Technology & Applied Science Research, 15(5), 27954-27959",10.48084/etasr.12999,7473937e31148fec7b865db67e55a9769fa8b3db6bf69eb2a2d9e543da4e82d8,1tyGYI1fuQPK1zvCLdF_AulsPnUjFoJs_,"Abu-Errub, A. (2025). Improving Early Autism Detection with Chi-Square Feature Selection, Machine Learning, and Explainable AI. Engineering, Technology & Applied Science Research, 15(5), 27954-27959. https://doi.org/10.48084/etasr.12999",title_repaired+journal_repaired
local_b9de0d7f,Novel Framework for Autism Spectrum Disorder Identification and Tailored Education With Effective Data Mining and Ensemble Learning Techniques,2025,IEEE Access,10.1109/access.2024.3349988,ac27cad7f70ea44f097ceab1e285562d054c71dea2357607a204d23777853092,1L-UjwVGAFuehsHTpk6PKNFZ-g7xeRvcg,"Hajjej, F., Ayouni, S., Alohali, M. A., & Maddeh, M. (2025). Novel Framework for Autism Spectrum Disorder Identification and Tailored Education With Effective Data Mining and Ensemble Learning Techniques. IEEE Access, 12, 35448-35461. https://doi.org/10.1109/access.2024.3349988",doi_corrected
local_14df790d,Predicting autism traits using Q-CHAT behavioral features: a machine learning approach,2025,"Engineering Research Express, 7(2), Article 025269",10.1088/2631-8695/addb0b,0e9658acc79193af150b5469e487602ea1ba9f07139099e906543de4a3fe31ca,1NtWAmhQHzBcuAA6mp1Q3v9qMk76UcUTZ,"M S, S. (2025). Predicting autism traits using Q-CHAT behavioral features: a machine learning approach. Engineering Research Express, 7(2), Article 025269. https://doi.org/10.1088/2631-8695/addb0b",
local_4da2b941,"Predicting autistic traits, anxiety and depression symptoms using camouflaging autistic traits questionnaire (CAT-Q-ES): A machine learning study",2025,,10.1016/j.reia.2025.202712,7220f74740e49d20c77c62a1fc7ece70f7202bb5103493dffffa4bf663d980ae,160RzBdb11wDG9xlczb50pLEiMlKuSgvz,"Conde-Pumpido Zubizarreta, S., Tubío-Fungueiriño, M., Pozo-Rodríguez, M., Carracedo, A., Cernadas, E., Fernández-Delgado, M., & Fernández-Prieto, M. (2025). Predicting autistic traits, anxiety and depression symptoms using camouflaging autistic traits questionnaire (CAT-Q-ES): A machine learning study. Research in Autism, 128, Article 202712. https://doi.org/10.1016/j.reia.2025.202712",doi_filled
local_6e7174c0,A Computational Method for Early Diagnosis of Autism Spectrum Disorder in Children Using Deep Learning Approach,2025,"International Journal of Intelligent Engineering and Systems, 18(3), 312-321",10.22266/ijies2025.0430.21,54547bd483a16c3f9fce14442948dd9ddb64b7c9a1ae39e89a663003fa8d1bf3,1AKBFiJB8cz15v1Je1OZM1JJBLxXywbnz,"Ibadi, H., & Lakizadeh, A. (2025). A Computational Method for Early Diagnosis of Autism Spectrum Disorder in Children Using Deep Learning Approach. International Journal of Intelligent Engineering and Systems, 18(3), 312-321. https://doi.org/10.22266/ijies2025.0430.21",title_repaired+journal_repaired
local_e04bcd32,Early Detection of ASD from Facial Images Using DeepDeblur and Denoising Optimized Convolutional Neural Network,2025,"International Journal of Intelligent Engineering and Systems, 18(4), 1-11",10.22266/ijies2025.0531.01,307c37714b6acc9ecb37da34fb311db5409a1ad9b18eed060c02c9869224ab40,1fD1SiLoXWEVj8PXlxhDIsVypNjVpG9LW,"Vijayan, N., & Vanitha, D. V. (2025). Early Detection of ASD from Facial Images Using DeepDeblur and Denoising Optimized Convolutional Neural Network. International Journal of Intelligent Engineering and Systems, 18(4), 1-11. https://doi.org/10.22266/ijies2025.0531.01",title_repaired+journal_repaired
local_183eaef4,Reliable Autism Spectrum Disorder Diagnosis for Pediatrics Using Machine Learning and Explainable AI,2025,"Diagnostics, 14(22)",10.3390/diagnostics14222504,ed1374f6daab3428ee1cb175a8c205c70c4fc193d841711d2cf1be448d9c3082,1e9zGOsyBGXYFBgQZFOdOlPbOleDBp1pd,"Jeon, I., Kim, M., So, D., Kim, E. Y., Nam, Y., Kim, S., Shim, S., Kim, J., & Moon, J. (2025). Reliable Autism Spectrum Disorder Diagnosis for Pediatrics Using Machine Learning and Explainable AI. Diagnostics, 14(22), Article 2504. https://doi.org/10.3390/diagnostics14222504",doi_filled
local_b6ac2b98,Using explainable machine learning and eye-tracking for diagnosing autism spectrum and developmental language disorders in social attention tasks,2025,,10.3389/fnins.2025.1558621,d83c16161c501b6ea3ca5b5d66f9e74f31ef5592a5ca7fe32d8bde8dcd814fc9,1Y67tUV7Iy9yXhwXWrpNU3lVdZpd8R4fh,"Antolí, A., Rodriguez-Lozano, F. J., Juan Cañas, J., Vacas, J., Cuadrado, F., Sánchez-Raya, A., Pérez-Dueñas, C., & Gámez-Granados, J. C. (2025). Using explainable machine learning and eye-tracking for diagnosing autism spectrum and developmental language disorders in social attention tasks. Frontiers in Neuroscience, 19, Article 1558621. https://doi.org/10.3389/fnins.2025.1558621",
local_44d3aef5,Utilizing deep learning models in an intelligent eye-tracking system for autism spectrum disorder diagnosis,2025,"Frontiers in Medicine, 11",10.3389/fmed.2024.1436646,98eed5faa03beabd6bc76ce15ccd1291e085d24b3019f6174caa266668e6c7a9,1p2DSExfbpRtIvbayRifSfnWTrdEZTnam,"Alsharif, N., Al-Adhaileh, M. H., Al-Yaari, M., Farhah, N., & Khan, Z. I. (2025). Utilizing deep learning models in an intelligent eye-tracking system for autism spectrum disorder diagnosis. Frontiers in Medicine, 11, Article 1436646. https://doi.org/10.3389/fmed.2024.1436646",doi_filled
local_24fefc5f,A novel hybrid deep learning model using MEResNext for autism spectrum disorder detection,2026,"Computational Biology and Chemistry, 120, Article 108619",10.1016/j.compbiolchem.2025.108619,2af5176d1e8c4aa25037691f8429b82b1e478a41e5122cc6ea4d82feeba3f5d2,1YtKOrI5GmAi3cy0cq0NOm2X_3T9GR5ir,"Rai, S. (2026). A novel hybrid deep learning model using MEResNext for autism spectrum disorder detection. Computational Biology and Chemistry, 120, Article 108619. https://doi.org/10.1016/j.compbiolchem.2025.108619",
local_69b10fe4,An assessment of autistic and parkinsonian movement profiles to inform selective classification algorithms,2026,Journal of Neurodevelopmental,10.1186/s11689-025-09668-8,e84a8cca66f22b7729fc75aefa22ccda68c477e56f09c8e7d92827f2cf6f947e,1zPsVIFZipLx_44w6yf3INbZGDmxOAr0F,"Hickman, L. J., Fraser, D. S., Galea, J. M., Happé, F., & Cook, J. L. (2026). An assessment of autistic and parkinsonian movement profiles to inform selective classification algorithms. Journal of Neurodevelopmental Disorders, 18(1), Article 8. https://doi.org/10.1186/s11689-025-09668-8",
local_af9f4c12,An explainable deep learning framework for screening level autism severity using behavioural data,2026,"Discover Applied Sciences, 8(4), Article 363",10.1007/s42452-026-08352-3,dea44c4b3d2b7a57b0c7b902b1fdf0c864477ce455ce804c011dc6d24ac8bdb4,14hj-czLmHJ5P1mfTOWyi2Ih_xnPx2BMe,"Rathod, V. N., Goudar, R. H., & Sangani, S. (2026). An explainable deep learning framework for screening level autism severity using behavioural data. Discover Applied Sciences, 8(4), Article 363. https://doi.org/10.1007/s42452-026-08352-3",
local_367db0b6,An explainable machine unlearning algorithm framework for early detection of autism spectrum disorder and brain disabilities in newborns,2026,,10.1016/j.aej.2026.04.002,4b1f80a887eb6b376b217f3bf220c6bfcf9be5d10b6167f98ddc4ea1c8849eb6,12M-oJLXVZ_H3D0FiQEpu7AJRxBbCGzPT,"Lakhan, A., Mohammed, M. A., Hamouda, H., Thaljaoui, A., Baslem, A., & Al-Andoli, M. N. (2026). An explainable machine unlearning algorithm framework for early detection of autism spectrum disorder and brain disabilities in newborns. Alexandria Engineering Journal, 145, 164-181. https://doi.org/10.1016/j.aej.2026.04.002",doi_filled
local_8d43288c,Deep learning based approach for Behavior classification in diagnoses of Autism Spectrum Disorder using naturalistic videos,2026,Frontiers in Computational Neuroscience,10.3389/fncom.2026.1626315,521baf3c9ba2341b052beb6913a17b222568875dffcb473887565152dceccd71,11WmuyDUzoquYFk1e0R4MOiFwXHJKZCHM,"Jabbar, U., Waseem Iqbal, M., Nechifor, A., Abaker, M., Khairalseed, M. A., Antohi, V. M., Fortea, C., & Stefanescu, C. A. (2025). Deep learning based approach for Behavior classification in diagnoses of Autism Spectrum Disorder using naturalistic videos. Frontiers in Computational Neuroscience, 20, Article 1626315. https://doi.org/10.3389/fncom.2026.1626315",
local_5f57ba19,Explainable Children Autism Detection using Gaze Features in Audio-Visual Speech Comprehension,2026,,10.1145/3806026,78aaaa01db9583a6cecf6a7a19f6ea0795653990c916a5cdda4c0e7dda59918d,1pv7TVpDatYlOEQxL1EXdMCXCcFQ6_q62,"Zaragozá-Portolés, M., Gimeno-Gomez, D., Ávila, V., Fajardo, D. I., Ferrer, D. A., Gomez-Merino, N., Skrobiszewska, N., & Martínez-Hinarejos, C. D. (2026). Explainable Children Autism Detection using Gaze Features in Audio-Visual Speech Comprehension. Proceedings of the ACM on Human-Computer Interaction, 10(3), 1-18. https://doi.org/10.1145/3806026",
local_1d856900,"Explainable Ensemble Learning Framework for Early Detection of Autism Spectrum Disorder: Enhancing Trust, Interpretability and Reliability in AI-Driven Healthcare",2026,,10.32604/cmes.2025.074627,76e324545c301efc6e761fb94fa342fac2b4d46ddddadf67fd1a69a06d5987fa,1RCr2tFm2QuDrXjLZQorx5uYrXBuT_7Jk,"Alshammeri, M., Tariq, N., Jhanji, N. Z., Humayun, M., & Khan, M. A. (2026). Explainable Ensemble Learning Framework for Early Detection of Autism Spectrum Disorder: Enhancing Trust, Interpretability and Reliability in AI-Driven Healthcare. Computer Modeling in Engineering & Sciences, 146(1), 1-10. https://doi.org/10.32604/cmes.2025.074627",
local_7b19a959,Finding the forest in the trees: Using machine learning and online cognitive and perceptual measures to predict adult autism diagnosis,2026,,10.1038/s41398-026-03823-y,af2f30d93f2dbffe47ff9ddb04f12ab02adf0596bd204f04221e0e8619ca033e,1kCEiOEeMqwlGOYrdhfBDfeRjYRNWl104,"Van der Burg, E., Jertberg, R. M., Geurts, H. M., Chakrabarti, B., & Begeer, S. (2026). Finding the forest in the trees: Using machine learning and online cognitive and perceptual measures to predict adult autism diagnosis. Translational Psychiatry, 16(1), Article 129. https://doi.org/10.1038/s41398-026-03823-y",
local_d7b6fa00,Hybrid ensemble learning for Autism Spectrum Disorder screening using eye-tracking scanpath,2026,,10.1016/j.array.2026.100753,6220bd7c39f67d99a84f433b8d50a29919e7d5426b8d0e90b89ea2e635e6f405,1ojDqc0R8MZTOhF-s8XqXXKm5WUxFon_o,"Alagha, N., Elkhodiry, A. A., Copiaco, A., Himeur, Y., Mansoor, W., Ritz, C., Eapen, V., Albanna, A., & Beheshti, A. (2026). Hybrid ensemble learning for Autism Spectrum Disorder screening using eye-tracking scanpath. Array, 30, Article 100753. https://doi.org/10.1016/j.array.2026.100753",doi_corrected
local_e54c304c,Early Detection of Autism Spectrum Disorder in Children Using Facial Images and AI-Based Deep Learning Models,2026,"Journal of Pioneering Medical Sciences, 15(01), 137-145",10.47310/jpms2026150119,8c98577c6ee93df07a9a6b961b6aaf5987cf823523acf70d588377b1d0410c5c,1ppFgFRji7oB6dxon6iTuFiC_-v3A_i-Y,"Vasundhara, D. .. N., Lakshmi Prasanna, P., Moorthy, C., & Venkata Sailaja, N. (2026). Early Detection of Autism Spectrum Disorder in Children Using Facial Images and AI-Based Deep Learning Models. Journal of Pioneering Medical Sciences, 15(01), 137-145. https://doi.org/10.47310/jpms2026150119",title_repaired+journal_repaired
local_e4c2a776,Multimodal fusion of deep transfer learning with wavelet neural network for autism spectrum disorder detection using facial images,2026,"Multimedia Tools and Applications, 85(4), Article 300",10.1007/s11042-026-21473-6,952a0e6c19c5717e464cff88547b456766a1527f84f4f944d8a3f74f1688b513,1szqZbUED8npVZFTVdP6l6_Ec-bo9uQoN,"Shaik, J., Shekhar, R., & Shelke, C. J. (2026). Multimodal fusion of deep transfer learning with wavelet neural network for autism spectrum disorder detection using facial images. Multimedia Tools and Applications, 85(4), Article 300. https://doi.org/10.1007/s11042-026-21473-6",title_repaired+journal_repaired
local_231757c7,SHAP-based explainable AI framework for autism severity classification using 3D motor biomarkers,2026,"Frontiers in Psychiatry, 17, Article 1751654",10.3389/fpsyt.2026.1751654,1f0906733b32e8cac9803146801264c747e631f48092313eeabe2ebc56db8618,1mM2CRXBhYQroqntMVLU17wSi2bBy9Adx,"Fırat, Y. (2026). SHAP-based explainable AI framework for autism severity classification using 3D motor biomarkers. Frontiers in Psychiatry, 17, Article 1751654. https://doi.org/10.3389/fpsyt.2026.1751654",
local_1b457442,Screening autism spectrum,2026,"Scientific Reports, 15(1), Article 34134",10.1038/s41598-025-01500-6,885121ec9c79b63cbb451abc270217d9217c938322f51492fa629440d281adb7,19Zf18nTOUU4USrKl23_sRnXB4bkoSz2p,"Assaf, R., Shehabeddine, Z., & Ramesh, V. (2026). Screening autism spectrum disorder in children using machine learning on speech transcripts. Scientific Reports, 15(1), Article 34134. https://doi.org/10.1038/s41598-025-01500-6",doi_filled
local_b26db2f2,Towards screening of children students with autism spectrum disorder based on executive functions with serious game and machine learning approaches,2026,,10.1016/j.eswa.2025.128884,ac4d9c0d0181c9c61902314c0276f376b533c2e13efd294e2fdfab810238ebe6,1-NtjlxMLMkRFxxxJqiXotvHM8Gp4pB16,"Martins, S. R. A. L., Souza, F. A. D., Teixeira, L. C., Leal, B. R. A., Silva, D. M. P. F., & Silva, C. M. R. D. (2026). Towards screening of children students with autism spectrum disorder based on executive functions with serious game and machine learning approaches. Expert Systems with Applications, 295, Article 128884. https://doi.org/10.1016/j.eswa.2025.128884",doi_filled
